,Open,Open,Open,Open,Open,Open,Open,Open,Open,Open,Open,Open,Open,Open,Open,Open,Open,Open,Open,Open,High,High,High,High,High,High,High,High,High,High,High,High,High,High,High,High,High,High,High,High,Low,Low,Low,Low,Low,Low,Low,Low,Low,Low,Low,Low,Low,Low,Low,Low,Low,Low,Low,Low,Close,Close,Close,Close,Close,Close,Close,Close,Close,Close,Close,Close,Close,Close,Close,Close,Close,Close,Close,Close,Adj Close,Adj Close,Adj Close,Adj Close,Adj Close,Adj Close,Adj Close,Adj Close,Adj Close,Adj Close,Adj Close,Adj Close,Adj Close,Adj Close,Adj Close,Adj Close,Adj Close,Adj Close,Adj Close,Adj Close,Volume,Volume,Volume,Volume,Volume,Volume,Volume,Volume,Volume,Volume,Volume,Volume,Volume,Volume,Volume,Volume,Volume,Volume,Volume,Volume
,BRK-A,AAPL,MSFT,JPM,GOOG,BAC,INTC,WFC,C,VZ,META,PFE,JNJ,WMT,XOM,FNMA,T,UNH,CMCSA,V,BRK-A,AAPL,MSFT,JPM,GOOG,BAC,INTC,WFC,C,VZ,META,PFE,JNJ,WMT,XOM,FNMA,T,UNH,CMCSA,V,BRK-A,AAPL,MSFT,JPM,GOOG,BAC,INTC,WFC,C,VZ,META,PFE,JNJ,WMT,XOM,FNMA,T,UNH,CMCSA,V,BRK-A,AAPL,MSFT,JPM,GOOG,BAC,INTC,WFC,C,VZ,META,PFE,JNJ,WMT,XOM,FNMA,T,UNH,CMCSA,V,BRK-A,AAPL,MSFT,JPM,GOOG,BAC,INTC,WFC,C,VZ,META,PFE,JNJ,WMT,XOM,FNMA,T,UNH,CMCSA,V,BRK-A,AAPL,MSFT,JPM,GOOG,BAC,INTC,WFC,C,VZ,META,PFE,JNJ,WMT,XOM,FNMA,T,UNH,CMCSA,V
Date,,,,,,,,,,,,,,,,,,,,,,,,,,,,,,,,,,,,,,,,,,,,,,,,,,,,,,,,,,,,,,,,,,,,,,,,,,,,,,,,,,,,,,,,,,,,,,,,,,,,,,,,,,,,,,,,,,,,,,,,
2024-01-16,612047.8605592169,185.13087510502885,406.65641922870043,171.40426976081787,139.54235841431273,35.33750948113023,40.29571436000039,49.97554760693269,54.47623424879968,35.14233367607776,339.371959836056,27.565223538777765,156.74295860148004,156.07574225282224,105.7948758284542,3.018230210172779,18.56241673923665,541.9200200495591,44.104163615644666,252.29857842305802,613035.6417524351,188.49255300840625,416.01863781455415,171.95699714219998,138.440928282466,35.382860872423706,40.17699666409997,50.104054890198576,54.037657668500515,35.572537421349296,342.44321144793776,27.78530221415842,156.28056180266015,154.42165285173016,105.03800571361866,3.0432681375209354,18.636191370177205,544.0322300635149,43.74456936036366,254.07445041473454,607964.6593333266,182.99254349667817,407.4767638189537,169.84256824098563,137.90195914266755,34.81508295859388,39.98628446721863,49.78872840845842,53.857418620376464,35.12916773864587,340.8313750971589,27.196102301187096,155.48933165116912,154.22130540245084,104.59603509112279,2.9713793849736727,18.61594330615868,524.302403927523,43.63829128413276,250.6884988216681,610500.1505428809,185.7425482525422,411.74770081675393,170.8997826915928,138.17144371256677,35.09897191550879,40.0816405656593,49.9463916493285,53.94753814443849,35.35085257999758,341.63729327254833,27.49070225767276,155.88494672691465,154.3214791270905,104.81702040237073,3.007323761247304,18.626067338167942,534.167316995519,43.691430322248216,252.3814746182013,610500.1505428809,185.7425482525422,411.74770081675393,170.8997826915928,138.17144371256677,35.09897191550879,40.0816405656593,49.9463916493285,53.94753814443849,35.35085257999758,341.63729327254833,27.49070225767276,155.88494672691465,154.3214791270905,104.81702040237073,3.007323761247304,18.626067338167942,534.167316995519,43.691430322248216,252.3814746182013,0,370126,29235,102035,238234,5849490,1155611,678072,483179,360299,68565,1113406,25052,32620,146300,2053239,1040259,7031,217341,36314
2024-01-17,607236.0958683289,186.09437789943462,409.9902400371191,172.10858078268797,139.0023631878858,35.107144457551605,40.303233007578854,50.08064316448274,54.235360746690105,35.36533733951218,340.7843246765836,27.57430640923178,155.44471721561658,155.20381899411717,104.72001402529212,2.996360626050553,18.636272302000958,533.7016051459885,44.0204701103681,252.30663228929475,606392.4655241758,183.1526359313531,406.3883738480463,170.6161773376405,140.02067236620653,35.349297130248765,41.08221501791558,48.97050845387281,55.57813900952169,34.93141836585851,337.9371045860798,27.548077780302766,162.3454079673583,155.8201981975682,104.11338878605761,2.9679098608418766,18.66616401095119,548.9236450356858,44.4312529287287,245.4073584673896,603987.6578057773,180.48722167636691,401.5658411788036,170.31900399930458,138.57629750859596,35.2236785613027,40.62941059057101,48.8702162831636,54.301781488558746,34.51975585022632,336.41002869051187,27.024453685163852,159.08277514491652,152.69900915567675,103.84672104507726,2.939529379622687,18.465358639902107,544.3829533230756,44.20561378329974,243.4339586978991,605190.0616649765,181.81992880386,403.977107513425,170.46759066847255,139.29848493740124,35.28648784577573,40.85581280424329,48.920362368518205,54.93996024904022,34.72558710804242,337.1735666382958,27.28626573273331,160.71409155613742,154.25960367662248,103.98005491556744,2.953719620232282,18.565761325426646,546.6532991793807,44.31843335601422,244.42065858264436,605190.0616649765,181.81992880386,403.977107513425,170.46759066847255,139.29848493740124,35.28648784577573,40.85581280424329,48.920362368518205,54.93996024904022,34.72558710804242,337.1735666382958,27.28626573273331,160.71409155613742,154.25960367662248,103.98005491556744,2.953719620232282,18.565761325426646,546.6532991793807,44.31843335601422,244.42065858264436,0,242753,74409,198236,105302,1126529,1620676,812763,172103,416114,149043,3486176,23122,154511,149440,2374650,1897006,8705,384217,16180
2024-01-18,603960.1983115477,181.41899692081424,403.4861538162037,170.57520150689948,139.27910038445455,35.13543822790027,41.02899921087361,48.65850010478063,55.107062629003465,35.180281928169265,336.6162772629704,27.274970620787368,161.72319035016832,153.82918622973975,104.01018762047707,2.9536455165258895,18.566278887225142,549.3064565804935,44.127341156742034,245.5652532175414,618593.7705054984,177.5765779160228,414.94276128394336,172.53157699341367,140.105345862731,35.12163887911461,40.14192468736222,49.54751400169061,55.85782519634278,35.19162385855692,348.60881149432055,27.468728498960047,162.1830227346062,155.61663907653346,104.51198168366817,2.9500753058103006,18.551442183081083,544.7307655883576,45.05319731928334,244.46480555474594,616637.5140075975,173.66095767816398,408.47461434665007,170.71329528437613,139.0444670425342,34.89570656844003,39.3513294462103,49.16701871517717,55.851364134426724,35.07116727372951,346.2598298724267,26.62725333348222,160.54589947576102,149.5770559404568,103.43150752489471,2.9499528834292685,18.294706643227887,543.3091096890407,43.88471785092498,240.52746365008827,617615.6422565479,175.6187677970934,411.7086878152967,171.6224361388949,139.5749064526326,35.00867272377732,39.74662706678626,49.35726635843389,55.85459466538475,35.13139556614321,347.43432068337364,27.04799091622113,161.3644611051836,152.59684750849513,103.97174460428144,2.950014094619785,18.423074413154485,544.0199376386992,44.46895758510416,242.4961346024171,617615.6422565479,175.6187677970934,411.7086878152967,171.6224361388949,139.5749064526326,35.00867272377732,39.74662706678626,49.35726635843389,55.85459466538475,35.13139556614321,347.43432068337364,27.04799091622113,161.3644611051836,152.59684750849513,103.97174460428144,2.950014094619785,18.423074413154485,544.0199376386992,44.46895758510416,242.4961346024171,0,1246233,148857,239247,212383,2603594,1191691,450354,122441,1041408,58522,1953822,22054,43440,126700,3455632,2740375,8434,1596538,37315
2024-01-19,617900.4380437458,175.59238882466914,414.47975304511215,171.37046063221396,139.72487752411308,35.127477712224206,39.82288417955445,49.291409647399014,55.974178422145975,34.88646231427351,349.3938929028111,27.098183625956363,162.4901159050946,152.67865668688228,103.92114533384347,2.933377007479635,18.485796359538877,543.9559599132168,44.623740768273215,244.2185809746434,617920.360442359,178.41278843184617,407.95038366065023,173.03126586889297,135.80417023625645,35.082669920939345,39.15635719905419,49.15049520185004,55.74989099708022,35.50847719153611,355.7126652264014,27.95651906544216,162.01812890876633,156.04875696865778,104.5633145064575,2.983061117657507,18.519488555462086,536.8737662555061,45.27533314466076,244.87321290886987,611671.3412071317,176.99270808171875,403.6488193338712,172.66565883217265,135.77658810364832,34.83576075911596,38.56852981261303,48.87441418190197,54.200770280347534,34.97925149652173,353.0405936498324,27.284998689902324,158.7548951303931,153.14091638080677,103.761827791636,2.9629587737853464,18.409051536520355,532.5749771846671,44.05649315049264,244.22546538640094,614795.8508247454,177.70274825678246,405.7996014972607,172.84846235053283,135.7903791699524,34.959215340027654,38.86244350583361,49.01245469187601,54.97533063871388,35.243864344028914,354.3766294381169,27.62075887767224,160.3865120195797,154.59483667473228,104.16257114904674,2.9730099457214267,18.46427004599122,534.7243717200865,44.6659131475767,244.5493391476354,614795.8508247454,177.70274825678246,405.7996014972607,172.84846235053283,135.7903791699524,34.959215340027654,38.86244350583361,49.01245469187601,54.97533063871388,35.243864344028914,354.3766294381169,27.62075887767224,160.3865120195797,154.59483667473228,104.16257114904674,2.9730099457214267,18.46427004599122,534.7243717200865,44.6659131475767,244.5493391476354,0,323784,42812,88099,190990,4973594,386169,399119,470074,474962,72358,1071241,93698,55627,124300,8635958,1990217,7562,946573,17433
2024-01-22,614067.4123574332,179.17407456647567,403.7171864695898,173.83134580792517,136.0418370375366,34.82297446912251,38.89610207045274,48.97235566852978,54.883854682783756,35.36577713561293,355.05155404073525,27.525153506496526,160.90956089578123,154.0647326598196,104.5263801424726,2.9836193089850487,18.461670218802503,533.9723792884538,44.380335171361956,246.38572587420734,615725.639312101,186.2137232966123,391.4386823276414,180.47348739706888,137.83745957709198,35.09144793538432,40.160060247461274,50.77062138023958,54.58481805542878,34.46242393303553,356.7448230661077,27.63585252190457,159.98411482139738,156.4045712073519,107.46044630650111,3.0379212170033862,18.49657178651766,527.4995761149286,43.816249666092176,246.17728022882966,608100.9880843288,178.16886539111422,382.9174844181187,178.8701654981965,137.24189005555684,34.820995791798694,39.58041508740449,50.16112166507806,53.49181649743833,34.09104977195782,341.7393747966989,27.402888226074374,159.59054299981943,156.2858296084903,106.66515845266858,3.0013373428273193,18.362791372561198,519.8541216284726,43.55419148339931,245.4087379854675,611913.313698215,182.19129434386326,387.17808337288005,179.6718264476327,137.5396748163244,34.95622186359151,39.87023766743288,50.46587152265882,54.03831727643355,34.276736852496676,349.2420989314033,27.51937037398947,159.7873289106084,156.3452004079211,107.06280237958484,3.019629279915353,18.429681579539427,523.6768488717006,43.68522057474574,245.79300910714858,611913.313698215,182.19129434386326,387.17808337288005,179.6718264476327,137.5396748163244,34.95622186359151,39.87023766743288,50.46587152265882,54.03831727643355,34.276736852496676,349.2420989314033,27.51937037398947,159.7873289106084,156.3452004079211,107.06280237958484,3.019629279915353,18.429681579539427,523.6768488717006,43.68522057474574,245.79300910714858,0,703000,49225,109760,124231,2284963,572733,148035,993233,394265,75503,1172355,39686,34384,66348,2773663,874141,25005,274161,68128
2024-01-23,611058.4240629296,181.66030192078762,386.0712672736792,180.1132722037199,137.11131766982732,34.90639583296469,40.2041726268544,50.33915343879348,54.440936650799195,34.307800468925414,349.9974729288379,27.518127474636835,158.9396620674413,156.96953252667697,106.57543684276564,3.013550572368778,18.429078302921816,525.7600248566766,43.5916953561896,246.20846739159919,614591.1868107355,183.31527119652137,396.01979409180035,183.9653663687892,136.9041973638895,35.89427957429638,39.526553567955716,50.53716526562729,54.11784590163658,33.655375043761744,343.43192056949204,27.585348453467756,159.13557583748312,155.88456088750237,106.37721808977507,3.0627662350771274,18.367498557027638,518.4123957679807,43.553414845226065,247.91180675530669,610926.9703992464,179.80290870869916,392.2167436571674,182.0666374268912,136.40912811848898,35.30916731228362,38.199204071523525,49.79610804070003,53.45049805176226,33.03352970035947,340.02853705196947,27.1020688824257,158.21188733085444,154.14088561885583,105.249600679253,3.04984612665151,18.124085185677345,505.1044469074479,43.25196753672795,245.12533681315298,612759.078604991,181.55908995261026,394.1182688744839,183.0160018978402,136.65666274118922,35.60172344329,38.86287881973962,50.16663665316366,53.78417197669942,33.34445237206061,341.73022881073075,27.34370866794673,158.67373158416876,155.0127232531791,105.81340938451405,3.0563061808643184,18.24579187135249,511.7584213377143,43.40269119097701,246.51857178422983,612759.078604991,181.55908995261026,394.1182688744839,183.0160018978402,136.65666274118922,35.60172344329,38.86287881973962,50.16663665316366,53.78417197669942,33.34445237206061,341.73022881073075,27.34370866794673,158.67373158416876,155.0127232531791,105.81340938451405,3.0563061808643184,18.24579187135249,511.7584213377143,43.40269119097701,246.51857178422983,0,239158,75448,94906,148955,875305,279153,877071,297945,1625159,104872,2351649,82775,47675,74479,1907814,1419157,5502,271089,26162
2024-01-24,611228.3950310017,182.14051456380164,391.43922412013256,182.71235297047764,136.66092639187687,35.723622940786946,38.78710588029444,50.39947253617229,53.905399986492704,33.41325056053644,342.24891073951625,27.51861794975218,159.2008443804639,155.40130365021676,106.14524143040002,3.043328734858125,18.242739545287783,514.3694307623668,43.167142562070715,246.84128191617862,622783.6928753683,174.21594007956128,398.5401006155325,184.87208998971067,136.5732746584618,35.2218421102544,38.88223079791079,50.980579368169224,53.92514244624657,32.8659642652307,344.983130357204,27.979274154482276,160.53824210794235,153.13260423801663,105.68803697902614,3.0523408948131223,18.018206292228967,512.2563857927187,42.38169311813065,241.74068079630655,617674.6090761167,173.04220713071777,389.7145599528853,184.27351961821242,134.69741437778393,35.07307541349674,38.71130407384611,48.8716435184515,53.43852611562667,32.43802206428734,342.1368935946817,27.777943711582907,159.86841007620873,151.7588959499833,105.47933819884881,3.03170710052812,17.6211321045276,509.758724683995,41.29778646135292,240.0576980751136,620229.1509757425,173.62907360513952,394.1273302842089,184.57280480396156,135.63534451812288,35.14745876187557,38.79676743587845,49.92611144331036,53.68183428093662,32.65199316475902,343.5600119759428,27.87860893303259,160.20332609207554,152.44575009399998,105.58368758893748,3.042023997670621,17.819669198378282,511.0075552383568,41.839739789741785,240.89918943571007,620229.1509757425,173.62907360513952,394.1273302842089,184.57280480396156,135.63534451812288,35.14745876187557,38.79676743587845,49.92611144331036,53.68183428093662,32.65199316475902,343.5600119759428,27.87860893303259,160.20332609207554,152.44575009399998,105.58368758893748,3.042023997670621,17.819669198378282,511.0075552383568,41.839739789741785,240.89918943571007,0,640709,164760,171205,437840,914392,1405859,398245,305336,795015,41816,2360295,34834,57602,168744,978641,732457,4873,265418,20330
2024-01-25,617616.3051839405,173.14870906056726,396.27619513190245,185.752308886753,136.20120960657147,35.11362946841014,38.90808711570976,49.63300736323015,53.45508989051653,32.4509275867201,342.3725377190111,27.948396750231883,159.80052802155274,151.66475547476566,105.37636932913044,3.038074094413302,17.829297634403567,509.064128344762,41.61673928397532,240.53725791584674,616400.0163162233,168.893902010403,404.10033501241537,178.87984523965417,137.473630545222,34.60365178723235,38.470588474369904,49.3287048484948,53.48863298903881,33.21445913574143,348.99295111698416,28.767526904320373,157.46695286575454,155.34475949574684,105.15828090148378,3.0313921607226484,18.366920063015286,530.0734649797378,41.8601141726155,237.67732959632625,613259.5055023249,168.3091771014025,399.3337208426997,178.384271918963,137.20991439241817,34.546288840371005,38.39784106822269,48.83421990809288,52.777767683937114,32.80456254971956,342.3929469119749,28.296312033646117,153.43494867310852,153.47885609574317,104.5743736627711,3.0050870135343732,17.626464188926775,524.8037135553501,41.3318553389931,235.5699878018617,614829.7609092741,168.60153955590275,401.7170279275575,178.6320585793086,137.34177246882007,34.57497031380168,38.4342147712963,49.08146237829384,53.13320033648797,33.00951084273049,345.69294901447955,28.531919468983247,155.45095076943153,154.411807795745,104.86632728212744,3.0182395871285106,17.99669212597103,527.438589267544,41.5959847558043,236.623658699094,614829.7609092741,168.60153955590275,401.7170279275575,178.6320585793086,137.34177246882007,34.57497031380168,38.4342147712963,49.08146237829384,53.13320033648797,33.00951084273049,345.69294901447955,28.531919468983247,155.45095076943153,154.411807795745,104.86632728212744,3.0182395871285106,17.99669212597103,527.438589267544,41.5959847558043,236.623658699094,0,525240,174234,148311,196345,1553025,1598394,2009370,1503680,728415,119245,1284835,51016,133994,250796,2098735,2372086,7191,544190,19707
2024-01-26,613476.5510594436,167.82356014017122,400.8440570917266,177.84033038603465,137.40160229345932,34.51815984775167,38.61967040948352,49.06445968207262,53.09113539275294,33.086574852579126,347.4145939852946,28.455876316725885,155.0202930117153,153.82546424938687,104.66388460434882,3.0248601048187886,18.084719298663142,524.9710721174481,41.64250168566992,236.67162274169374,612347.3243697833,170.98828689380568,406.54317128265035,179.95701871568787,137.42373475866813,36.31772524706603,39.634986113041535,48.52219088282456,55.91690493282582,32.78305547066603,347.30379319999616,28.27592574674394,150.59239323937138,156.16397369617232,103.4493355742729,3.1048308390001966,17.888499970417545,513.3856866258797,41.57096946736355,243.2904899258542,610316.3453117126,169.15818908937425,398.46573770081807,179.49228999232926,136.75423733946684,35.385221141024026,39.14556721250145,47.666146388461456,54.27503466849364,32.76250396625126,343.49922566238394,27.97934975179077,149.57723897958496,155.30723259310332,101.70288039856588,3.0990552571354937,17.690834125545432,511.1544594918815,41.5240606739394,239.0569252268114,611331.834840748,170.07323799158996,402.5044544917342,179.72465435400858,137.08898604906747,35.85147319404503,39.39027666277149,48.09416863564301,55.09596980065973,32.772779718458644,345.40150943119005,28.127637749267357,150.08481610947817,155.73560314463782,102.57610798641939,3.101943048067845,17.78966704798149,512.2700730588806,41.54751507065148,241.1737075763328,611331.834840748,170.07323799158996,402.5044544917342,179.72465435400858,137.08898604906747,35.85147319404503,39.39027666277149,48.09416863564301,55.09596980065973,32.772779718458644,345.40150943119005,28.127637749267357,150.08481610947817,155.73560314463782,102.57610798641939,3.101943048067845,17.78966704798149,512.2700730588806,41.54751507065148,241.1737075763328,0,477503,108077,105434,121496,5401655,366211,971174,621418,370653,52798,3017511,32870,42663,71319,1915564,5530326,17066,357527,20098
2024-01-29,612721.2944742894,170.0074777382193,401.8617018072383,180.07492123945366,137.91123695651012,35.88042959065285,39.55931770365695,48.25985508953346,54.90048078385683,32.822227920524895,344.75014676961166,28.068184853801103,150.40229819148848,155.69334598510974,102.91766799421139,3.1052865195134,17.831255011832415,509.2826273535535,41.41466297190251,242.04465829141833,600702.1607048672,170.61303198087273,404.8820808036791,186.2604904027168,138.28190906037418,36.15791569579812,39.9091593353609,48.973101378815656,54.89629683501125,32.76369721929376,361.6730652978875,27.76556303284088,151.98974973848425,154.24292815892912,107.58905924338562,3.118084037123998,17.678717707469172,513.2902211763098,40.44971403816369,243.1448775122492,600211.809920942,169.49029932858986,400.5867571350231,182.0520392341351,138.0727455769803,35.837320217811005,39.28552588446196,48.30406775088872,53.65954627286675,32.745715316014866,359.0761466551526,27.30155354516982,148.8368867270743,153.97280425802808,107.21856207542864,3.090032952218635,17.42416844445268,511.7523813327209,40.441101420573425,238.6053632510446,600456.9853129046,170.0516656547313,402.7344189693511,184.15626481842594,138.17732731867724,35.99761795680456,39.59734260991143,48.63858456485219,54.277921553938995,32.75470626765431,360.37460597652006,27.533558289005352,150.41331823277926,154.1078662084786,107.40381065940713,3.1040584946713166,17.551443075960925,512.5213012545154,40.44540772936856,240.8751203816469,600456.9853129046,170.0516656547313,402.7344189693511,184.15626481842594,138.17732731867724,35.99761795680456,39.59734260991143,48.63858456485219,54.277921553938995,32.75470626765431,360.37460597652006,27.533558289005352,150.41331823277926,154.1078662084786,107.40381065940713,3.1040584946713166,17.551443075960925,512.5213012545154,40.44540772936856,240.8751203816469,0,522508,179177,199036,284095,3263159,603175,1090713,177826,583106,238686,635714,43696,61930,207685,1576027,2344709,7985,567766,20888
2024-01-30,599556.1389026175,172.21608154376932,402.0734938775678,184.9338658540928,137.98790535984995,35.99861906606104,39.473285903954974,48.75152808692727,54.23834185524866,32.50653680977764,359.8491470550894,27.392528797385353,150.71434509584532,154.93946768356932,107.2947368032313,3.0983546592588005,17.492433529645638,510.60291872374063,40.49898288811438,241.65298566650807,605745.5115911809,175.4248675253955,416.14238955861435,183.20438532527947,137.99657155595096,36.24974193552927,40.46415864848418,49.3836189249117,56.077057369881686,33.77802974968998,365.45343963017524,27.93126067981874,145.75787305004326,156.73364035357937,106.456213160232,3.053507715469708,17.555733930075483,512.9215173128539,41.09302111170321,241.00271005350504,601287.8609407396,173.4430567398455,413.5246036104864,182.73120253197214,136.122078406342,36.246427872725235,39.81529638984069,49.223730913985925,56.01817224600736,33.66270643387942,363.94299872021287,27.62494195718554,145.03879386816942,155.06227982585793,105.21316753791427,3.0470370199740398,17.168142965288972,506.5063787131752,40.26931614346587,239.309072526111,603516.6862659603,174.4339621326205,414.8334965845504,182.9677939286258,137.0593249811465,36.24808490412725,40.139727519162435,49.30367491944882,56.04761480794453,33.7203680917847,364.698219175194,27.77810131850214,145.39833345910634,155.89796008971865,105.83469034907313,3.050272367721874,17.361938447682228,509.71394801301454,40.68116862758454,240.15589128980804,603516.6862659603,174.4339621326205,414.8334965845504,182.9677939286258,137.0593249811465,36.24808490412725,40.139727519162435,49.30367491944882,56.04761480794453,33.7203680917847,364.698219175194,27.77810131850214,145.39833345910634,155.89796008971865,105.83469034907313,3.050272367721874,17.361938447682228,509.71394801301454,40.68116862758454,240.15589128980804,0,588637,145667,149163,346724,1903370,260689,929268,232637,603334,27651,1061452,19726,36236,408080,3419713,534524,7517,591842,38442
2024-01-31,603864.8903658944,175.08041691317018,411.01474650932937,183.6900092136613,137.02194749094753,36.17592044099251,40.60407923746456,49.24671125135798,56.40533959470353,33.7429703006107,365.29849735911324,27.963862490184617,145.70798247250178,155.66757679483962,106.08065906374699,3.0490697405204044,17.37770529487692,512.1823478527093,40.45391151185396,240.6043062012852,617095.2771188446,174.77281664120173,419.4389031681203,192.3886233551422,138.6516634814439,36.763303458250974,40.50392110982946,48.963245289883744,57.24188662703224,34.31714049223644,359.69761408566455,27.717343084565943,141.2809346794069,158.42301317794298,107.51919190356975,3.0327141474541546,17.221272581913134,503.5203373634463,42.296866713045496,240.7523931466502,606305.7868174087,174.62316365330108,412.2840737622622,186.0873514248723,138.37459861236752,36.31912872220255,39.85666023857497,48.95287242011179,55.85318720824288,33.76079056415158,358.85598251419356,27.64144937074227,138.92420181929825,156.71365356627692,105.39849315360779,3.0137912322980847,16.82856359343471,495.0371244713886,40.98333739684332,234.28014539990747,611700.5319681267,174.6979901472514,415.86148846519126,189.23798739000725,138.51313104690573,36.54121609022676,40.18029067420221,48.958058854997766,56.54753691763756,34.038965528194005,359.27679829992906,27.679396227654106,140.10256824935257,157.56833337210995,106.45884252858878,3.0232526898761196,17.02491808767392,499.2787309174175,41.64010205494441,237.51626927327882,611700.5319681267,174.6979901472514,415.86148846519126,189.23798739000725,138.51313104690573,36.54121609022676,40.18029067420221,48.958058854997766,56.54753691763756,34.038965528194005,359.27679829992906,27.679396227654106,140.10256824935257,157.56833337210995,106.45884252858878,3.0232526898761196,17.02491808767392,499.2787309174175,41.64010205494441,237.51626927327882,0,399647,74895,66540,216326,1210553,694343,842523,1307631,426688,44173,7244577,47192,49676,141574,2824873,1876774,5740,494048,18751
2024-02-01,614062.4882472282,175.0807158418269,412.98311140209427,188.61074342265672,138.47874493218825,36.633291463827874,40.456122966448355,48.82402068465422,56.4951922210906,33.99672897992567,363.1759623056066,27.565999748693166,140.53238260107403,158.37145650834262,106.71378858618915,3.0199387561670323,17.04390307797914,499.34510708663873,41.733252579792214,236.8370458286247,629237.8775439482,174.02715998642643,412.08276024065793,192.30841070023823,139.51529454327172,37.03568614449688,41.61502727125144,49.18543174394924,57.93384291026598,33.89582623874902,369.0175973764353,27.5069985082294,143.1938935266724,162.11721829092593,109.86320389131255,2.9386017355194634,17.27267713641241,505.8246941963005,42.0465325282931,238.59579933643795,611847.7700138806,170.3187461691351,412.02229313093335,189.3691450817275,138.2815952970365,36.752169292553496,41.543046409510055,48.89428912838545,57.71133149264541,33.256391155370345,363.5822084795738,27.336170398870358,141.97674682000707,159.4661688793482,108.8545609059975,2.9265772188014205,17.080158759344908,488.4406024849334,41.58427251574396,236.60531595567653,620542.8237789144,172.17295307778076,412.0525266857956,190.83877789098287,138.8984449201541,36.893927718525184,41.579036840380745,49.039860436167345,57.8225872014557,33.57610869705968,366.29990292800454,27.42158445354988,142.58532017333974,160.79169358513707,109.35888239865503,2.932589477160442,17.176417947878658,497.1326483406169,41.81540252201853,237.60055764605724,620542.8237789144,172.17295307778076,412.0525266857956,190.83877789098287,138.8984449201541,36.893927718525184,41.579036840380745,49.039860436167345,57.8225872014557,33.57610869705968,366.29990292800454,27.42158445354988,142.58532017333974,160.79169358513707,109.35888239865503,2.932589477160442,17.176417947878658,497.1326483406169,41.81540252201853,237.60055764605724,0,417826,167534,105318,103000,1701725,439289,813960,232360,359077,20198,1675374,43977,53446,101015,8023072,1731360,6009,522610,15260
2024-02-02,621829.3396028285,171.74473820287966,410.20165719006326,189.96684091280363,138.3424124466938,37.024007563183865,41.76014913769826,49.20261256519718,57.58132327561842,33.51543314798719,365.4007776693822,27.13592540156548,142.54740834008527,160.98655151339798,109.214309651651,2.922298211333351,17.19728128600996,499.6412892965633,41.73226965238257,239.15890672025782,613471.0606530664,174.49274716753575,415.97655709494506,191.84381084696224,139.92593263959895,37.39770865063313,41.23840960665316,49.94766424029241,56.70886536793177,33.095592147233496,369.1204555781817,28.085177262889705,144.00094226381006,163.7445848229493,108.15248119245399,2.920795409706331,17.43814440809776,515.5814411497934,41.83200256347169,237.88127840457474,603460.0804361369,171.98710391590555,406.8200836904523,191.5926282287425,139.38637505931186,37.215758388406265,40.87172053381411,49.701207326989724,55.21481577446311,32.6595748350805,364.41687171246815,27.744056463447276,142.09560020976397,162.38163598568087,106.34122994470687,2.7982509895356222,17.15823391109628,501.91439718570797,41.79435067084415,234.09930644378395,608465.5705446017,173.23992554172065,411.3983203926987,191.71821953785238,139.65615384945542,37.306733519519696,41.05506507023363,49.82443578364107,55.96184057119744,32.877583491157,366.7686636453249,27.91461686316849,143.04827123678703,163.0631104043151,107.24685556858043,2.859523199620977,17.29818915959702,508.7479191677507,41.81317661715792,235.99029242417933,608465.5705446017,173.23992554172065,411.3983203926987,191.71821953785238,139.65615384945542,37.306733519519696,41.05506507023363,49.82443578364107,55.96184057119744,32.877583491157,366.7686636453249,27.91461686316849,143.04827123678703,163.0631104043151,107.24685556858043,2.859523199620977,17.29818915959702,508.7479191677507,41.81317661715792,235.99029242417933,0,652992,44995,93836,46612,1501396,362640,847161,259531,2170222,403755,987545,20228,37970,179878,3979613,1261497,14937,503668,48416
2024-02-05,605781.3644927237,172.92402797878776,412.59434646171513,191.8802731182172,140.13128617502448,37.455401577168644,40.885269845987104,49.745455633997786,56.26765487479939,32.86992148538394,364.1739409792892,27.752885235855047,142.08040570165682,162.53387453797154,107.3414501553848,2.8394803013224,17.215629242190932,506.50711908058616,41.756805928261414,236.36808355364727,605685.4700116464,180.17750649642258,413.0221735777379,190.5274386266025,139.40327375758804,37.74712603398943,41.33784835500336,50.10464770984285,57.518664211569046,33.20708962989003,365.10946566155786,27.891729578701813,143.90618124211477,165.32832894423993,109.86147331032109,2.8551752918054105,17.40040424176784,516.2294723539006,41.66560452792956,239.23890134930954,604586.323559722,173.3498259352142,412.45183516382536,187.1525517378487,139.340409990126,37.59066308517427,41.26139355153794,49.92367149125917,56.95074676771919,32.97512384116703,359.6669537834909,27.688353428361665,143.19465476614832,159.09616587429028,107.62880068008023,2.818148257454406,17.285908144418613,505.5789998017866,41.12324391074412,238.53021342169467,605135.8967856843,176.7636662158184,412.7370043707816,188.8399951822256,139.37184187385702,37.66889455958185,41.299620953270654,50.01415960055101,57.234705489644114,33.09110673552853,362.3882097225244,27.79004150353174,143.55041800413153,162.2122474092651,108.74513699520065,2.836661774629908,17.343156193093225,510.9042360778436,41.39442421933684,238.88455738550212,605135.8967856843,176.7636662158184,412.7370043707816,188.8399951822256,139.37184187385702,37.66889455958185,41.299620953270654,50.01415960055101,57.234705489644114,33.09110673552853,362.3882097225244,27.79004150353174,143.55041800413153,162.2122474092651,108.74513699520065,2.836661774629908,17.343156193093225,510.9042360778436,41.39442421933684,238.88455738550212,0,228102,129763,58548,125373,1481319,715684,666224,522543,1759891,33041,1148988,71907,49744,251137,6456517,507163,7542,304059,56830
2024-02-06,606072.8673847116,175.52034843559784,407.8688114792508,189.33014469354944,139.228753927787,37.72857048131859,41.465903139692486,49.887804071585045,57.61835839786693,33.27492079021597,362.84343223013417,27.796109298260586,144.94659865720448,161.94786563062746,108.5458864038984,2.8365931357264844,17.351338339170187,508.7202778221203,41.14564046763437,239.047225826504,617876.5310289022,182.58790407815542,392.1660288532995,194.02746269278498,142.8762496616074,38.249154838342,42.340833162083065,50.67707222253178,59.05698655900621,32.55768184701744,372.9657173859198,28.721575901891217,140.821504014713,160.45693562181566,106.59719155750258,2.8250692366411885,17.70620271901628,519.3486635451011,42.11667602440313,235.63045930036594,614333.5618701763,180.5299547619657,388.51688950292845,192.49896982345015,141.8227220940073,38.139685711372024,42.06032399225331,49.98106370926689,57.925445824312,32.26976719174332,363.8880190400812,28.718737762498133,140.09559373936082,160.0651882062941,105.68557629582295,2.779518290777506,17.314055066979645,514.1032952544584,41.271044216787125,235.12831864285184,616105.0464495393,181.55892942006057,390.341459178114,193.26321625811755,142.34948587780735,38.19442027485701,42.20057857716819,50.329067965899334,58.491216191659106,32.41372451938038,368.4268682130005,28.720156832194675,140.45854887703692,160.26106191405486,106.14138392666277,2.8022937637093475,17.51012889299796,516.7259793997798,41.693860120595126,235.37938897160888,616105.0464495393,181.55892942006057,390.341459178114,193.26321625811755,142.34948587780735,38.19442027485701,42.20057857716819,50.329067965899334,58.491216191659106,32.41372451938038,368.4268682130005,28.720156832194675,140.45854887703692,160.26106191405486,106.14138392666277,2.8022937637093475,17.51012889299796,516.7259793997798,41.693860120595126,235.37938897160888,0,202435,50907,90400,396716,774211,2198713,411785,291925,724198,107063,1163443,80387,28540,134712,3220105,2283145,9018,201441,15969
2024-02-07,618336.1154325713,183.10418041655512,391.3386395971797,192.49593938547147,142.46251263392998,38.11753827099679,41.79973543861532,50.48217895589482,58.25000059614213,32.48956471548985,369.5207335550859,28.635333190394032,140.2021327454968,160.65612195477948,106.1335204000009,2.8084527311814407,17.478056967369465,515.861730029421,41.890209168066995,236.0960787507078,621892.9114164218,183.91068378774597,394.6390455621283,190.95708987939759,146.3371220983171,38.3878219567796,43.32873185918372,50.46754581323408,57.96101023696361,33.30832637298213,379.7733401578792,28.80917793895499,144.75331241783368,166.15474291661542,105.85559153415552,2.780792022954801,17.614114038888573,528.2147468636527,41.028608379558236,238.4443959809676,614477.8457313774,178.43771116742988,393.7369287228923,190.70329425388772,145.34275915815633,38.18260800111894,43.249129888571886,50.315260273205205,57.328888031158456,33.26964366341007,377.1857630910626,28.678146005708097,143.86515516227286,165.12248299507746,103.76762884778081,2.7653607336864026,17.611397884154556,525.246036775419,40.747392030212964,237.9393792169321,618185.3785738995,181.17419747758794,394.1879871425103,190.83019206664267,145.83994062823672,38.28521497894927,43.2889308738778,50.39140304321964,57.64494913406104,33.2889850181961,378.4795516244709,28.743661972331545,144.30923379005327,165.63861295584644,104.81161019096817,2.773076378320602,17.612755961521565,526.730391819536,40.8880002048856,238.19188759894988,618185.3785738995,181.17419747758794,394.1879871425103,190.83019206664267,145.83994062823672,38.28521497894927,43.2889308738778,50.39140304321964,57.64494913406104,33.2889850181961,378.4795516244709,28.743661972331545,144.30923379005327,165.63861295584644,104.81161019096817,2.773076378320602,17.612755961521565,526.730391819536,40.8880002048856,238.19188759894988,0,491612,110552,207588,366555,763717,1116691,293512,452704,338607,102175,2842669,37263,57139,337998,2128808,3007506,4995,505322,21142
2024-02-08,616941.3673478693,181.40519800214346,394.8262620286553,191.04229279930894,145.57149182169087,38.147228338648475,43.247622711899,50.43852053459862,58.09292518979952,33.11159964479945,377.76581490112136,28.758977270215098,143.82886477805812,166.18162360117915,104.9996012708516,2.7729102912187145,17.527700185265434,527.3968289155474,40.91454787758006,237.67795923079322,623902.812948355,181.60422500143977,406.4270263755833,189.7243081303502,141.8479344675057,39.005357310701804,43.245964385357475,50.330814215559265,58.95833342033603,33.87720390242125,381.4649762987399,28.82486788770282,149.41136957216904,164.63304495929384,106.43253698379442,2.822853930474379,17.82828775893454,536.1364358158168,39.047163525085054,245.35512976025805,613109.0151043888,181.25319963052095,403.4202114952508,188.67421585676848,141.7794480885625,38.582442311259086,42.940418193189714,49.63507007779875,58.49026156427799,33.04860565838427,378.6277234648372,28.824600456647065,144.911010928588,163.98038563728232,105.06634437332757,2.7920707191669805,17.678108338874033,524.787632802722,39.02186262405583,242.26123014903018,618505.9140263719,181.42871231598036,404.92361893541704,189.19926199355933,141.8136912780341,38.79389981098045,43.0931912892736,49.98294214667901,58.72429749230702,33.46290478040276,380.04634988178856,28.824734172174942,147.16119025037852,164.30671529828808,105.74944067856099,2.80746232482068,17.753198048904284,530.4620343092694,39.03451307457044,243.80817995464412,618505.9140263719,181.42871231598036,404.92361893541704,189.19926199355933,141.8136912780341,38.79389981098045,43.0931912892736,49.98294214667901,58.72429749230702,33.46290478040276,380.04634988178856,28.824734172174942,147.16119025037852,164.30671529828808,105.74944067856099,2.80746232482068,17.753198048904284,530.4620343092694,39.03451307457044,243.80817995464412,0,132033,205218,203900,131211,1569950,598571,773535,404786,265326,38196,1686208,26377,44049,250637,5163593,994256,12018,320560,51895
2024-02-09,615116.08315134,181.585230357167,401.4553804175072,188.1836576864629,142.56628231242078,38.53583220269433,43.11208078451982,49.92941888971686,59.02110135729586,33.54785863705406,379.0666620960494,28.865282412315764,146.3263062043568,164.90347968061874,105.36633724378711,2.8290819178558873,17.822437362466687,530.1458228655346,39.13189289717496,243.20259782201305,620113.6770434434,184.80746992918537,406.1911372924757,184.16937065128184,144.77836142452463,39.78952702122894,41.74790995216091,50.2507497759357,57.35133328347062,33.57902535261787,373.98214836220836,30.35350872344273,144.15426577570673,161.68254234253888,105.78991077153152,2.8576133264664714,18.230469201022565,530.3453177167506,40.76842370641241,246.70153405932587,617119.4702099739,183.7059055776521,402.996795991603,183.49072189367618,142.30858881676306,39.60397631536335,41.50594541507545,50.21794692492115,56.35504379183064,33.52972578028712,372.9603554643476,29.55517775994346,142.4854717811738,157.37106470617843,104.8118618015696,2.8361854460135008,18.158796378834175,523.8657250919885,39.71597516633529,245.23212421605928,618616.5736267087,184.25668775341873,404.59396664203933,183.83004627247902,143.54347512064385,39.696751668296145,41.626927683618185,50.23434835042843,56.85318853765063,33.5543755664525,373.47125191327797,29.954343241693095,143.31986877844028,159.52680352435866,105.30088628655056,2.846899386239986,18.19463278992837,527.1055214043695,40.24219943637385,245.96682913769257,618616.5736267087,184.25668775341873,404.59396664203933,183.83004627247902,143.54347512064385,39.696751668296145,41.626927683618185,50.23434835042843,56.85318853765063,33.5543755664525,373.47125191327797,29.954343241693095,143.31986877844028,159.52680352435866,105.30088628655056,2.846899386239986,18.19463278992837,527.1055214043695,40.24219943637385,245.96682913769257,0,158182,112355,188185,181410,628112,699987,1296173,322444,568227,106443,955320,157647,31500,536619,1784322,964477,15808,892694,32128
2024-02-12,617674.2628152212,184.43477670622826,403.9887287889487,184.54828483255628,144.08777220379667,39.814503838874266,41.55008660558578,50.284044921905675,56.68841937577105,33.54678259379665,371.40983815044063,29.87735306423731,143.42139147356787,159.65995049868795,105.47644073346979,2.840527106756606,18.178069605293498,528.6734173691134,40.00477449109138,245.66079577308471,624250.1462436157,182.34511113241015,404.26687867956053,188.18278924465017,141.86224090354477,39.9428620585016,42.42750618101075,51.50677471271937,56.426834747931494,32.880876648114956,376.2272712119866,30.33256714240311,143.21410974737367,157.51856097318205,108.5386821392754,2.813855048561244,18.522596717872005,530.8007732448244,41.052692264069144,242.2809082851721,622702.6807537928,180.78433266661452,398.37308255451967,184.59726243309018,141.34983793624247,39.66653532853376,40.285265968619896,51.378365346815215,56.104682753648085,32.876677180327896,372.41476270920543,29.89532734221473,142.81862786064366,155.42109069415568,106.96308919493627,2.778568832266057,18.351546207489015,525.4945151622084,40.938842226139776,241.20298661946546,623476.4134987042,181.56472189951234,401.3199806170401,186.39002583887017,141.60603941989362,39.804698693517686,41.356386074815326,51.44257002976729,56.265758750789786,32.878776914221426,374.321016960596,30.11394724230892,143.01636880400866,156.46982583366886,107.75088566710583,2.7962119404136505,18.43707146268051,528.1476442035164,40.99576724510446,241.74194745231878,623476.4134987042,181.56472189951234,401.3199806170401,186.39002583887017,141.60603941989362,39.804698693517686,41.356386074815326,51.44257002976729,56.265758750789786,32.878776914221426,374.321016960596,30.11394724230892,143.01636880400866,156.46982583366886,107.75088566710583,2.7962119404136505,18.43707146268051,528.1476442035164,40.99576724510446,241.74194745231878,0,1301558,98921,171251,322010,863269,2238855,540903,734367,196703,35167,364434,65231,41693,67681,7162003,1344955,4341,230415,64770
2024-02-13,623881.6797914547,183.3640777994336,403.52431422934507,185.9978559813701,141.63145736559426,39.82693554683855,41.62546620877712,51.51222693433516,56.62588825064606,32.7753011301381,374.8687668102964,29.999864648031508,143.04021158428046,156.74172588365886,107.88049185193297,2.795771927735216,18.421175999881704,529.0803854513623,41.123791659587425,240.9154801007104,627302.9587665304,187.03984053194637,406.95067760992845,189.62594585888476,143.10302640828206,40.15675627577509,42.6798236166514,51.428681003461726,59.04477185339703,33.834084485319245,368.2662080450576,30.013894240919875,142.01860799738478,152.67143145582511,108.56536480427285,2.8979097538487295,18.54620823517659,519.2570273044977,40.68352180794443,245.57582976007888,624829.1637235631,181.44028946593943,401.9533109717408,186.56027561663143,142.03662562205477,39.941633465487385,42.54434557548371,50.79350063299712,56.39713030516925,32.7946140712784,367.7044548264578,29.488349001067355,141.74241628369413,150.21397612686638,107.38500444704785,2.864116213540454,18.41671890891187,517.29561364946,39.594899923923194,243.59058422065866,626066.0612450468,184.2400649989429,404.45199429083465,188.0931107377581,142.56982601516842,40.04919487063123,42.612084596067554,51.11109081822942,57.72095107928314,33.31434927829882,367.9853314357577,29.751121620993615,141.88051214053945,151.44270379134576,107.97518462566035,2.8810129836945917,18.48146357204423,518.2763204769789,40.13921086593381,244.58320699036875,626066.0612450468,184.2400649989429,404.45199429083465,188.0931107377581,142.56982601516842,40.04919487063123,42.612084596067554,51.11109081822942,57.72095107928314,33.31434927829882,367.9853314357577,29.751121620993615,141.88051214053945,151.44270379134576,107.97518462566035,2.8810129836945917,18.48146357204423,518.2763204769789,40.13921086593381,244.58320699036875,0,1100125,113263,120462,193649,1270869,1498167,642779,161208,571901,41698,652016,13520,101285,79404,2216113,4618525,4491,402235,37301
2024-02-14,627348.0227884019,184.5016964221924,402.40861998575633,187.979481958105,142.0329319909662,40.00102385051333,42.63025304688643,51.10273437330671,57.34756674705394,33.10343172442917,371.0916721110859,29.86274703802289,141.80079216160044,152.77486228983315,107.36641031313735,2.886274387751003,18.534043066432158,519.353252608102,40.14684414810614,244.68023628482516,628392.3821633239,184.82946411004227,422.66417215986064,189.1426082325189,139.9357387376324,39.82496337262253,42.297972200476664,52.35733695246603,57.82928076708715,34.49640308313455,374.2962276246273,29.742307403179908,142.21752213146428,154.70881559596765,109.86700532269607,2.8907240564151855,18.274767010752026,521.279671005626,39.76861267299693,243.8370037286981,613440.3396532955,181.99168952847555,414.57889055951375,187.13168527149102,138.85019928498633,39.74932571711769,41.8244214504229,51.008586567070054,57.153730390076426,33.75029087139497,364.86359690631144,28.726855339679055,141.2960802168392,154.32905521033604,107.87708352263435,2.8819248566142437,18.228852068959124,516.5263924140785,38.309215865062775,242.0055843408178,620916.3609083097,183.41057681925892,418.6215313596872,188.13714675200495,139.39296901130936,39.78714454487011,42.061196825449784,51.68296175976804,57.49150557858179,34.12334697726476,369.5799122654694,29.23458137142948,141.75680117415172,154.51893540315183,108.87204442266521,2.8863244565147146,18.251809539855575,518.9030317098523,39.03891426902985,242.92129403475795,620916.3609083097,183.41057681925892,418.6215313596872,188.13714675200495,139.39296901130936,39.78714454487011,42.061196825449784,51.68296175976804,57.49150557858179,34.12334697726476,369.5799122654694,29.23458137142948,141.75680117415172,154.51893540315183,108.87204442266521,2.8863244565147146,18.251809539855575,518.9030317098523,39.03891426902985,242.92129403475795,0,309697,142259,74106,377453,1532584,591954,263299,373287,217848,26499,1063839,43644,42547,142914,5402238,1386622,4644,562229,33035
2024-02-15,619798.7433242844,183.24314520728996,417.53102567202916,188.73603835558953,139.711973207566,39.566289283900105,41.895054946186406,51.70713011617671,57.34608158223155,34.2639812019873,372.3276531991172,29.270515446108522,142.74871830489485,155.96879294014025,108.56447853654247,2.891103298496484,18.31209261204965,520.4177028476282,38.949420924393564,241.24673245550028,630484.5857042627,186.29640911592853,427.6552117551457,191.79658661094345,140.80367071018605,39.98288106559232,42.284480014121584,51.81345056446395,58.318480686391155,34.246598630823314,377.5279934416746,29.17463082287095,144.78856981532138,159.68236200130033,108.08761289391103,2.9008493916834786,17.910026850968055,524.5178992408114,40.008230000186806,242.36611997316936,627240.3783581384,180.00376238005074,417.47406593178005,188.80592641859656,139.4970503241789,39.464182629870486,42.26317592485033,51.8040084449986,56.00152964387363,33.80119392513092,371.9591262934317,28.832802365773066,144.78814231591153,158.72182575702502,107.31063574439546,2.8740418306849804,17.820600299409243,515.7385975893422,38.23380490878579,239.94580077572957,628862.4820312005,183.15008574798964,422.5646388434629,190.30125651477,140.1503605171825,39.7235318477314,42.27382796948596,51.808729504731275,57.16000516513239,34.023896277977116,374.74355986755313,29.003716594322007,144.78835606561645,159.20209387916267,107.69912431915324,2.8874456111842295,17.86531357518865,520.1282484150768,39.1210174544863,241.15596037444948,628862.4820312005,183.15008574798964,422.5646388434629,190.30125651477,140.1503605171825,39.7235318477314,42.27382796948596,51.808729504731275,57.16000516513239,34.023896277977116,374.74355986755313,29.003716594322007,144.78835606561645,159.20209387916267,107.69912431915324,2.8874456111842295,17.86531357518865,520.1282484150768,39.1210174544863,241.15596037444948,0,795510,340594,147397,201926,2458444,958616,440983,247025,694373,99701,956963,37373,56829,83153,4340420,1060623,14316,1089223,20019
2024-02-16,624438.0425962628,184.71241827831557,428.07086434441953,190.84177575146254,140.6172602141926,39.58859356975314,42.40466084031446,51.46789230230998,56.831356097757634,33.92476716543427,375.23299054090995,28.684011209888055,145.23365130666602,159.23149326496676,107.417136474161,2.884669695217701,17.850977484815633,522.5585535878596,39.36996160299419,240.76555417426525,624431.5824325321,185.31980490410422,426.47554139370664,192.69898236784238,139.27791496145423,40.25218782726556,42.17327614901553,51.43003500606506,58.946009966377595,35.081359670698795,366.88502090147796,29.17316531446778,144.68125577278263,160.4056518470895,106.25255173460702,2.862727927949498,17.6362052989661,538.8183313885753,39.29465843863583,242.92721131358184,611725.8935209293,181.0260360958062,422.3502348149331,191.7250975292554,138.1039090988747,39.56062353168283,41.935708421501914,51.42927027096491,58.94153293623835,34.32256146863228,356.43999697064083,29.06969741145109,142.75618297413823,159.38054903200955,105.65616305738902,2.842534696610553,17.26102730128626,526.2619442947915,39.048587711469814,240.35114378665574,618078.7379767307,183.1729204999552,424.41288810431985,192.2120399485489,138.69091203016447,39.90640567947419,42.054492285258725,51.42965263851499,58.943771451307974,34.70196056966554,361.6625089360594,29.121431362959434,143.71871937346043,159.89310043954953,105.95435739599802,2.8526313122800255,17.44861630012618,532.5401378416834,39.17162307505282,241.63917755011877,618078.7379767307,183.1729204999552,424.41288810431985,192.2120399485489,138.69091203016447,39.90640567947419,42.054492285258725,51.42965263851499,58.943771451307974,34.70196056966554,361.6625089360594,29.121431362959434,143.71871937346043,159.89310043954953,105.95435739599802,2.8526313122800255,17.44861630012618,532.5401378416834,39.17162307505282,241.63917755011877,0,812106,139406,38748,288779,590761,391831,279060,908766,810525,21340,1988221,36019,56484,485322,1957563,1352951,4219,403406,13817
2024-02-19,615351.8494112248,183.06031511253948,425.0656513975091,192.54755358887078,138.2952854451555,39.704115324022744,42.12334562223079,51.413131806820864,58.64148517959152,34.86289299225749,361.0090078772435,28.937037206487762,143.03569439506003,158.79110398481328,105.77607056161406,2.852050264667486,17.45026562064707,526.9560433525745,39.24563659231984,240.02808947883784,631350.6590619364,184.36213667048315,421.8428281481096,193.88200438418056,138.4271002530097,39.997531600061926,42.09854183173339,52.6117672720717,56.668520508869854,34.46336367868161,368.59933549195534,30.072009832560447,147.46270352836913,157.03519271102647,104.17853635887052,2.8648369917596566,17.904066806547146,532.4092583641021,40.18131446736016,240.8405953651442,628604.5709541867,182.94918242181592,420.61401773659657,188.42146093835117,137.39729891497467,39.47403170716464,41.911200314124045,51.43508300994853,56.2863410990037,34.34393252410346,364.31499832318605,29.0886448560053,145.5285638831077,154.61389743018086,103.91132962107663,2.8151776946766685,17.44132951898447,526.7602664844843,39.40716367479187,240.79905572255504,629977.6150080615,183.65565954614954,421.2284229423531,191.15173266126587,137.9121995839922,39.73578165361329,42.004871072928715,52.023425141010115,56.47743080393678,34.403648101392534,366.4571669075707,29.58032734428287,146.4956337057384,155.82454507060368,104.04493298997357,2.8400073432181623,17.67269816276581,529.5847624242932,39.794239071076014,240.81982554384962,629977.6150080615,183.65565954614954,421.2284229423531,191.15173266126587,137.9121995839922,39.73578165361329,42.004871072928715,52.023425141010115,56.47743080393678,34.403648101392534,366.4571669075707,29.58032734428287,146.4956337057384,155.82454507060368,104.04493298997357,2.8400073432181623,17.67269816276581,529.5847624242932,39.794239071076014,240.81982554384962,0,577884,70242,69915,179229,594384,724891,287614,318930,649602,86385,882740,105163,63612,221046,7279806,2402568,6144,561292,12079
2024-02-20,630761.3444282494,182.1826479304135,420.7155464147526,191.87649842047153,137.85136586261692,39.90028845463652,41.70224206356041,51.92220644171844,56.729836409622926,34.21450089023808,367.06488894403674,29.36188635675582,147.9144235983752,155.9030975271907,103.66834437138323,2.839118281209612,17.61512360893024,529.5568809976329,39.87747180834976,240.60949095086755,622718.1004169148,191.5675210984129,419.1600562795719,189.83891377043565,137.54697928547213,39.959238262874486,43.029842907089495,52.67969942557852,56.41238176511857,34.726119589019646,369.27441795944316,28.942566141707204,142.18714045247913,160.45476473676356,102.9788029305965,2.943907683301232,17.638711166604036,530.7398154437392,39.72239018686421,242.58096135987395,621117.5341961889,189.92456444970645,405.88716251024834,187.91701179541016,136.8227138664202,39.629882241519354,42.89355986152224,52.413395329962725,56.104127837321144,33.98874631692061,358.8660527325434,28.71038585434141,141.10135962391956,157.4236847729271,102.07478864847086,2.920935920503158,17.44420063404933,522.550430529032,39.358471934651824,235.958752942791,621917.8173065518,190.74604277405967,412.5236093949101,188.8779627829229,137.18484657594615,39.794560252196916,42.96170138430587,52.54654737777062,56.258254801219856,34.35743295297013,364.0702353459933,28.826475998024307,141.64425003819935,158.93922475484533,102.52679578953368,2.932421801902195,17.541455900326685,526.6451229863856,39.54043106075802,239.26985715133247,621917.8173065518,190.74604277405967,412.5236093949101,188.8779627829229,137.18484657594615,39.794560252196916,42.96170138430587,52.54654737777062,56.258254801219856,34.35743295297013,364.0702353459933,28.826475998024307,141.64425003819935,158.93922475484533,102.52679578953368,2.932421801902195,17.541455900326685,526.6451229863856,39.54043106075802,239.26985715133247,0,400007,85554,205457,136628,2751322,1104526,605766,1126752,2678118,63759,1721342,65736,22700,160038,10794464,508020,4207,732381,24635
2024-02-21,626197.0629684259,189.36500782372423,411.5948436485035,189.16251019822388,137.21727653173375,39.86719413837993,43.197911305929246,52.41877798324807,56.253927904011526,34.70744501567064,363.55671383435975,28.807539244382056,140.6419592794789,159.01105464095843,102.89139403680925,2.9399492599413537,17.488140331892435,528.5366498675069,39.1813735537819,239.09646111506734,628235.4968212518,191.7159836165585,413.4838396200441,185.55063925053773,136.45432114206832,40.092301985272066,43.21233534659025,53.111310120808916,57.17775852856081,36.39464769085268,363.349827594589,28.877837150308157,140.1006985148278,160.63818813697068,101.54801166788836,2.8949759684496827,17.620079922201498,517.1370617389515,40.872797892529825,243.3873315497961,625487.807201353,186.28497845589268,412.06612558284365,182.42016764565145,135.4123465645325,39.8521968562723,43.09115775352406,52.77168324764762,55.17613278966809,35.43777784964576,357.5851024475287,28.77822167441143,139.8161054354813,159.7415116218016,101.28016172888857,2.8729721914477873,17.5017441445029,508.3787049872105,39.99080496652408,239.85380102260032,626861.6520113024,189.0004810362256,412.77498260144387,183.9854034480946,135.9333338533004,39.97224942077219,43.151746550057155,52.94149668422827,56.17694565911445,35.91621277024922,360.46746502105884,28.828029412359793,139.95840197515454,160.18984987938614,101.41408669838846,2.883974079948735,17.5609120333522,512.757883363081,40.431801429526956,241.6205662861982,626861.6520113024,189.0004810362256,412.77498260144387,183.9854034480946,135.9333338533004,39.97224942077219,43.151746550057155,52.94149668422827,56.17694565911445,35.91621277024922,360.46746502105884,28.828029412359793,139.95840197515454,160.18984987938614,101.41408669838846,2.883974079948735,17.5609120333522,512.757883363081,40.431801429526956,241.6205662861982,0,616403,56433,80912,444169,3420312,1282338,547418,276422,615026,197362,430247,83683,23480,500941,2211780,1486503,21526,781845,57820
2024-02-22,626814.0999708641,188.8286840648653,413.5017195571911,184.96627546800804,136.38785823205234,39.82236787419021,43.16970772632444,52.83123235165092,55.849189597901734,36.399305777988026,359.4648907614077,28.852113058655867,139.88274942057333,159.40152329808956,101.82133704714194,2.876444896083362,17.634416674082672,518.2735498060431,40.633841533847765,242.5801486736273,630074.0555623766,189.12738910382126,418.83496113810685,185.695936772412,134.97309521462844,41.171941765015106,45.40351702231446,54.154758359367094,55.46967754245832,35.890973307544364,353.27404118436016,29.54555223946957,141.09604911611535,164.49831997806743,103.60704009915675,2.917844555832997,17.479685736415025,524.1433411605449,40.48531283351601,243.19562509218122,620711.8162241642,185.79557027337864,407.5132424300199,181.301385828461,134.50711547176863,40.27047365381606,43.975809152495046,54.11541356566679,54.94243170823352,35.374515998639154,350.71584409635136,29.389852257080214,136.64010267559033,162.44074228055163,102.96865139340738,2.8758329284169375,17.196699567974363,513.4501822901818,40.04585172178192,240.879454833864,625392.9358932704,187.46147968859995,413.1741017840634,183.4986613004365,134.74010534319854,40.72120770941558,44.68966308740475,54.13508596251694,55.20605462534592,35.632744653091756,351.99494264035576,29.46770224827489,138.86807589585285,163.46953112930953,103.28784574628207,2.8968387421249675,17.338192652194692,518.7967617253634,40.26558227764897,242.03753996302262,625392.9358932704,187.46147968859995,413.1741017840634,183.4986613004365,134.74010534319854,40.72120770941558,44.68966308740475,54.13508596251694,55.20605462534592,35.632744653091756,351.99494264035576,29.46770224827489,138.86807589585285,163.46953112930953,103.28784574628207,2.8968387421249675,17.338192652194692,518.7967617253634,40.26558227764897,242.03753996302262,0,688834,46026,160014,90416,656273,457204,888970,386797,1981350,72427,743201,53033,27331,230793,2330893,1404385,5604,618993,13220
2024-02-23,628230.9270264796,187.72069787423118,414.50962407847794,182.3424727234759,134.6773753707274,40.91237881705709,44.87060167447783,54.053301209040335,55.03513331628606,35.73142904035942,352.24382632626435,29.446885879580762,138.39452538626833,163.54893162879299,102.97970750312516,2.870351774440147,17.340734806271424,518.5753586276999,40.3488727215353,242.27263608142374,626419.621468033,194.66805020527167,399.66379181451515,181.26929431740913,134.194645109464,40.32641477417411,45.760146439083634,55.677598497735374,58.34406883129687,36.2313745155269,347.30588658287,29.970000372897104,137.79352552208286,166.9116304474157,105.0755520294274,2.8885575513475343,18.07185953895766,509.95302329777746,41.30587621197689,236.91784269982534,615848.0284700524,191.1531208502732,395.99634977811,178.4620531036232,133.98143720235961,40.30869117792721,45.13095335448545,55.155625191677615,55.437889272203954,35.85588844993776,343.30109275338975,29.231179085536617,137.0356016613867,163.26557529247378,102.82990588044692,2.8576636380393694,17.649211420483,501.1122341887965,41.13283163311145,234.31212162614085,621133.8249690427,192.91058552777244,397.83007079631255,179.86567371051618,134.0880411559118,40.31755297605066,45.44554989678454,55.416611844706495,56.89097905175041,36.04363148273233,345.3034896681299,29.60058972921686,137.41456359173478,165.08860286994474,103.95272895493716,2.873110594693452,17.86053547972033,505.532628743287,41.21935392254417,235.6149821629831,621133.8249690427,192.91058552777244,397.83007079631255,179.86567371051618,134.0880411559118,40.31755297605066,45.44554989678454,55.416611844706495,56.89097905175041,36.04363148273233,345.3034896681299,29.60058972921686,137.41456359173478,165.08860286994474,103.95272895493716,2.873110594693452,17.86053547972033,505.532628743287,41.21935392254417,235.6149821629831,0,609610,23362,89428,156122,746844,1204104,857306,675338,828529,120420,1537581,97145,61026,169734,3627029,1574173,21464,1435899,23646
2024-02-26,618864.6098326758,193.66239425816897,393.7825978634314,179.82621411015444,134.4848627048543,40.233957554709995,45.52221665122912,55.366521053245734,56.69242599497899,36.28227302387733,347.2193038888303,29.52396893240872,137.6523056392637,164.41621857376006,103.49842817075249,2.8694069979548646,17.91641063433601,500.79768912290797,41.45513734002837,234.99457896539306,635306.1761502555,195.82522798259615,396.2320394498933,181.45745413551634,133.94943641570228,40.547826782237536,45.816152570698485,55.87239915923337,55.89183646489342,35.88498289120837,356.96268568900507,30.323752508666594,137.90000535601092,162.6775493105576,102.22779967446644,2.8395756384781343,17.53124065167925,501.8815992009499,41.779554620536665,240.26959309014413,631523.4090852983,193.42836524009462,388.2545361012505,179.2009630682203,133.7650662241291,40.52375335163053,45.28457106401661,55.05127025146179,55.64675442392173,35.60652987352739,356.2072503775622,30.271210641859646,137.05841094554475,160.2444040017819,101.5390875733058,2.7476374335487312,17.339585841026807,500.477037917849,40.37591354077604,237.85977028075237,633414.7926177769,194.62679661134538,392.2432877755719,180.32920860186832,133.8572513199157,40.535790066934034,45.55036181735755,55.46183470534758,55.769295444407575,35.74575638236788,356.58496803328364,30.29748157526312,137.47920815077785,161.46097665616975,101.88344362388612,2.793606536013433,17.43541324635303,501.17931855939946,41.07773408065635,239.06468168544825,633414.7926177769,194.62679661134538,392.2432877755719,180.32920860186832,133.8572513199157,40.535790066934034,45.55036181735755,55.46183470534758,55.769295444407575,35.74575638236788,356.58496803328364,30.29748157526312,137.47920815077785,161.46097665616975,101.88344362388612,2.793606536013433,17.43541324635303,501.17931855939946,41.07773408065635,239.06468168544825,0,162243,77307,154285,211785,1711164,719962,320177,202132,2339867,95283,3422955,46513,50732,122812,6024586,1133486,7855,383670,9271
2024-02-27,631996.8619832967,193.7793808562171,388.10794233547574,180.2614215046962,133.5389973765206,40.5764416468057,45.487307260302714,55.48985251686626,55.842757272094,35.6629861474163,356.29189426716556,30.425017381435914,137.8876189528459,161.6981145755944,101.8782977170912,2.8113211525453936,17.426120464693284,504.22391401544945,40.96521438763007,238.75106056060628,641833.074019488,198.10608431083006,407.03358104565234,180.84826672880854,134.67140586192156,40.336766510022436,45.55611641638366,55.871918823272225,54.77821782781652,36.707189292372746,366.02756734912515,29.587721405006494,139.00447167217843,165.78214816819434,102.31162158026137,2.733231212203226,17.54410189692737,496.8965946162436,40.574019309600615,243.3571209366255,638658.3379830351,197.1234113449083,395.6545991711033,178.95129268245756,134.2214945388592,40.180882293832404,45.40300992025713,54.91725325145818,54.591237643274646,35.210866850778615,358.3485914359287,29.45908545489958,136.79903707701968,160.7169231650613,100.14600746136405,2.7227076738704503,17.393269773508027,493.08991611171564,40.229757734306915,242.97915482154357,640245.7060012615,197.6147478278692,401.3440901083778,179.89977970563305,134.4464502003904,40.25882440192742,45.47956316832039,55.3945860373652,54.68472773554558,35.95902807157568,362.18807939252696,29.52340342995304,137.90175437459905,163.24953566662782,101.22881452081272,2.727969443036838,17.4686858352177,494.9932553639796,40.401888521953765,243.16813787908453,640245.7060012615,197.6147478278692,401.3440901083778,179.89977970563305,134.4464502003904,40.25882440192742,45.47956316832039,55.3945860373652,54.68472773554558,35.95902807157568,362.18807939252696,29.52340342995304,137.90175437459905,163.24953566662782,101.22881452081272,2.727969443036838,17.4686858352177,494.9932553639796,40.401888521953765,243.16813787908453,0,1371010,42912,44125,373524,1278807,554780,169544,904482,242471,64880,933144,66710,48687,275776,7642339,772800,6009,1398467,56619
2024-02-28,635066.6662101202,197.40368626405282,399.45369069770885,179.75469646100666,134.00994590108832,40.29946866004668,45.55885170414866,55.270980643903165,55.337462533804,35.857601953631594,361.8718879243816,29.562377983388544,137.6358496588202,163.62815622079103,101.73867951009527,2.736181610651775,17.492355995044814,492.4246924455652,40.268686337338735,244.34797087766893,640746.6919316339,195.16748807801383,402.77220234132216,179.28619804373707,138.17557954494401,40.8936025455132,46.24187687799718,54.73189704679918,52.640340359714905,36.84982305190039,372.4071013517952,29.42907713067011,140.41540078879655,160.620099415723,102.16165951743571,2.7619116830061428,17.481366971101032,507.38294988952674,40.448588953795685,245.66987075885757,638692.8221932298,192.12680747172297,395.9717945948608,178.32814325598773,137.27629132017907,40.395549218526746,45.24059609317701,54.08526254468531,50.97014738852294,36.14011099558961,369.3028097787655,29.388540964663427,136.62645273286432,157.8228041523487,100.20955393093053,2.747901898333671,17.289554653659216,498.58048827079307,39.77885264966431,244.85882169467283,639719.7570624318,193.6471477748684,399.3719984680915,178.8071706498624,137.72593543256156,40.64457588201997,45.741236485587095,54.40857979574225,51.80524387411892,36.494967023745,370.85495556528036,29.408809047666768,138.52092676083043,159.22145178403585,101.18560672418312,2.754906790669907,17.385460812380124,502.9817190801599,40.11372080173,245.2643462267652,639719.7570624318,193.6471477748684,399.3719984680915,178.8071706498624,137.72593543256156,40.64457588201997,45.741236485587095,54.40857979574225,51.80524387411892,36.494967023745,370.85495556528036,29.408809047666768,138.52092676083043,159.22145178403585,101.18560672418312,2.754906790669907,17.385460812380124,502.9817190801599,40.11372080173,245.2643462267652,0,1747149,106162,239908,128554,1272603,2062183,312108,392158,357796,131600,1677288,77366,40887,270389,2927826,3019005,12843,754123,15052
2024-02-29,640537.1133111339,192.9037577796653,399.0820357887514,179.13474992970228,138.50189363712678,40.63361696705968,45.72229746483821,54.49432734384946,51.86121156470348,36.71751785122871,370.428667004986,29.298317038291835,139.20044629373064,159.54849804281264,102.01096506572642,2.738671465997554,17.287686084898727,503.9691584493612,40.413109332588434,244.35895142728302,657842.0972092454,195.6375248680617,383.8233435134172,182.01424217117645,137.07520980843123,41.28612712052005,45.23923117633245,55.74584814122752,53.11569740049337,36.02174840075714,369.2409421088258,29.57237523395726,141.59719393055914,158.92862204629103,106.50897680683995,2.694945499251612,17.438346707735835,509.0424000659867,40.74970464842021,248.23876666854522,654198.0012753112,193.57486503807354,377.37787172686404,181.41779000917685,135.1219822891674,40.85997490279033,44.33690835210544,55.22125367335961,53.04348426592,35.58100750642372,361.21990121030257,29.366957599731915,140.26257724018387,155.63324068172588,105.4593912886425,2.6697041950237854,17.342655781079483,505.87093116293886,40.49912808250733,246.93105191168755,656020.0492422783,194.60619495306761,380.60060762014064,181.71601609017665,136.0985960487993,41.07305101165519,44.788069764218946,55.48355090729357,53.07959083320668,35.801377953590425,365.2304216595642,29.469666416844586,140.9298855853715,157.28093136400844,105.98418404774122,2.6823248471376986,17.39050124440766,507.4566656144628,40.62441636546377,247.58490929011637,656020.0492422783,194.60619495306761,380.60060762014064,181.71601609017665,136.0985960487993,41.07305101165519,44.788069764218946,55.48355090729357,53.07959083320668,35.801377953590425,365.2304216595642,29.469666416844586,140.9298855853715,157.28093136400844,105.98418404774122,2.6823248471376986,17.39050124440766,507.4566656144628,40.62441636546377,247.58490929011637,0,130750,77416,56343,237859,762075,539589,353017,482331,587843,85973,2269418,39063,20101,284091,4049577,572501,7698,570356,94513
2024-03-01,653993.7377316275,195.63382932682816,380.7363452632119,181.85923469381615,135.54912548985843,41.03730754579877,44.841590719380356,55.60774890516848,53.15538511468924,35.82906031463755,366.48728883084743,29.366831065383636,141.06089867464226,157.8874205874922,105.71346944415208,2.689128034221962,17.43877652267129,508.62003683686066,40.80435594693431,249.37788026671896,668914.6645929749,199.77274869116434,399.0210945201424,180.45863073706718,136.4223985452138,42.013197865756766,44.314754637611976,55.524262160580086,52.86052201618529,35.39079285993361,381.2762121381078,29.959297611607386,144.7765887606335,160.06277923827398,106.68163192798323,2.6522795238638333,17.373112245013694,516.0820941940804,41.19673296329366,249.2590913700538,661806.196453461,195.74936103609733,386.64533051944966,177.54147735367476,136.285479800088,41.829239812044115,43.65878045977379,55.35476886267895,52.53633228955679,35.14418477601602,373.51387577336135,29.542248931589096,141.13354874614978,159.90921051593827,105.32646205912121,2.6110625508851584,17.259859973728926,511.8652641637095,40.61187854562685,244.4051902342967,665360.4305232179,197.76105486363085,392.83321251979606,179.00005404537097,136.3539391726509,41.92121883890044,43.98676754869288,55.43951551162952,52.69842715287104,35.267488817974815,377.39504395573454,29.75077327159824,142.95506875339166,159.98599487710612,106.00404699355222,2.631671037374496,17.316486109371308,513.9736791788949,40.90430575446025,246.83214080217525,665360.4305232179,197.76105486363085,392.83321251979606,179.00005404537097,136.3539391726509,41.92121883890044,43.98676754869288,55.43951551162952,52.69842715287104,35.267488817974815,377.39504395573454,29.75077327159824,142.95506875339166,159.98599487710612,106.00404699355222,2.631671037374496,17.316486109371308,513.9736791788949,40.90430575446025,246.83214080217525,0,549661,53087,49353,95754,1836842,350824,753618,526638,1854850,113585,1786508,15906,30519,306038,3076676,4429936,18136,593677,32067
2024-03-04,666738.245651349,198.9635385078858,389.6751159786842,179.54382123684462,136.03883555019056,41.92531059067994,44.095449972094166,55.56188502950296,53.12490207146594,35.020369397224925,378.791294272816,29.657371842585125,143.93041801884587,160.27870492524193,105.0909141383726,2.6337318082199372,17.314866774825912,514.2500282220341,40.634238720483594,247.183744959026,662900.2575955233,195.6260164893989,389.2077169685672,176.21397164792515,138.68006158606764,41.95076337245908,44.697168400985184,55.02588982577891,52.40646554575764,35.88763072869312,380.9473486026421,29.526064961086323,139.07543725644487,162.98972235215803,107.57233919911063,2.69060015794257,17.248113258626404,523.7252185599824,41.926365257284516,243.05302527809496,652508.5732385205,194.68960551570623,382.9203684763261,171.80328389725202,136.8109201740895,41.49679650905418,44.42912613323004,55.015286906724036,52.23756511710638,35.503192819930774,373.1046636873553,29.112330033401566,138.59822084484242,162.22543615161408,105.96963988397073,2.642316283221265,16.97394836265843,521.8307022346492,39.96932478769157,242.38976444759314,657704.4154170218,195.15781100255256,386.06404272244663,174.0086277725886,137.74549088007856,41.72377994075663,44.56314726710761,55.020588366251474,52.322015331432006,35.69541177431194,377.0260061449987,29.319197497243945,138.83682905064364,162.60757925188605,106.77098954154067,2.6664582205819176,17.11103081064242,522.7779603973158,40.947845022488046,242.72139486284405,657704.4154170218,195.15781100255256,386.06404272244663,174.0086277725886,137.74549088007856,41.72377994075663,44.56314726710761,55.020588366251474,52.322015331432006,35.69541177431194,377.0260061449987,29.319197497243945,138.83682905064364,162.60757925188605,106.77098954154067,2.6664582205819176,17.11103081064242,522.7779603973158,40.947845022488046,242.72139486284405,0,1398851,29327,238702,283659,1039410,449702,787368,365197,606785,38002,1603067,20862,48863,447260,2927275,2160091,6719,857237,62403
2024-03-05,656562.4793711237,196.9698394905978,385.6909298147481,173.24991656403859,138.07809809455557,41.69023903087427,44.59005079620353,55.17710173205468,52.17286814737459,35.70950109362737,375.2640736819444,29.2772393154625,139.4392015948689,163.10746808825724,106.16961839396689,2.662702247355349,17.085095064012137,518.0241350669214,40.9509129335838,241.655667728559,639143.5031746757,201.18780540784618,383.5684639799618,173.61356875255922,137.02368561632358,41.901282140063586,45.2892231719695,54.996905210737914,52.15694154340541,35.84313764896053,372.2977137504257,29.646796764234765,139.24403749230737,161.16577745004543,105.35312172049696,2.7088612561114984,16.965321689886476,518.0750514989116,40.54710380977514,243.97528812428322,634168.2521511348,194.03273611418274,381.566269060922,173.22892191137177,136.04383260008956,41.72280287236831,45.25659367814634,53.764376016114184,51.9998929016311,35.792288301349295,371.2389008902279,29.4117015765381,139.2397710483445,159.1890725340089,104.88248600256748,2.68434558325519,16.74784961458125,515.8736441789287,39.723102928152585,242.73171159534422,636655.8776629053,197.61027076101448,382.5673665204419,173.4212453319655,136.53375910820657,41.81204250621595,45.27290842505792,54.380640613426046,52.078417222518254,35.81771297515491,371.7683073203268,29.529249170386432,139.24190427032593,160.17742499202714,105.11780386153221,2.696603419683344,16.85658565223386,516.9743478389202,40.13510336896386,243.35349985981372,636655.8776629053,197.61027076101448,382.5673665204419,173.4212453319655,136.53375910820657,41.81204250621595,45.27290842505792,54.380640613426046,52.078417222518254,35.81771297515491,371.7683073203268,29.529249170386432,139.24190427032593,160.17742499202714,105.11780386153221,2.696603419683344,16.85658565223386,516.9743478389202,40.13510336896386,243.35349985981372,0,738672,84785,115131,656294,1016950,1024173,536466,236242,464090,92326,821552,230010,39452,115771,2695597,2678322,5900,323694,8700
2024-03-06,641105.0544643553,197.9396425224053,382.43766256496394,174.8853009756043,136.3108840283759,41.84194721519501,45.35943894870106,54.286621201471874,52.44291693213533,35.59420514382467,371.48328682454365,29.533528843584257,138.9354744161003,160.9840991556339,104.4083345847691,2.685681029632358,16.890757981036785,516.1742073686439,40.324790003433186,242.49917067778063,642954.0834907896,198.17273429467323,397.37132913032406,171.84757300345416,133.0383961750021,42.41582054734301,44.4599801263191,54.50100240498951,53.7865969583918,36.972187201239095,370.41403366086337,29.959351197873012,139.35426137643412,157.5837728128458,106.8014959651794,2.7214766474317607,17.361384860028625,513.6754162514546,40.692992730997254,251.86631996994683,632353.5001251431,195.48336293280312,384.030173935999,171.10538019153938,132.30826249641495,42.04794586457975,44.06280144800364,52.985567801649914,53.125199728431696,36.47159517362647,358.92794400979545,29.601915458948376,135.83162571193327,156.98119060313866,105.84914353227855,2.678118839039863,17.29422659766834,504.65926944089557,39.488723571369015,245.64062733665563,637653.7918079664,196.82804861373816,390.7007515331615,171.47647659749677,132.67332933570853,42.23188320596138,44.261390787161375,53.74328510331971,53.45589834341175,36.72189118743278,364.6709888353294,29.780633328410694,137.5929435441837,157.28248170799225,106.32531974872897,2.699797743235812,17.32780572884848,509.16734284617513,40.090858151183134,248.75347365330123,637653.7918079664,196.82804861373816,390.7007515331615,171.47647659749677,132.67332933570853,42.23188320596138,44.261390787161375,53.74328510331971,53.45589834341175,36.72189118743278,364.6709888353294,29.780633328410694,137.5929435441837,157.28248170799225,106.32531974872897,2.699797743235812,17.32780572884848,509.16734284617513,40.090858151183134,248.75347365330123,0,746362,35775,97056,69778,600558,374958,870286,395903,979730,110906,2506849,85933,49542,719856,1634414,1798174,5976,544449,5455
2024-03-07,641606.0745041823,198.5688250694429,389.1337449034863,171.22955965030908,132.4458764396752,42.26690041741062,44.19371408120676,53.6990300904982,53.3367401390524,36.68716694400127,366.4224704507194,29.831342953819213,138.27094243339846,157.01153127283885,106.49313963588818,2.6915455300904028,17.3833411377934,505.76133772978864,40.123820110005944,249.45432430252114,655519.8437623347,194.52875778870163,388.7161243800469,172.94113976513475,129.9054062110799,42.907365056258,45.00545923344155,55.2160645942316,55.41990199821727,37.16803317814831,364.39110034866786,29.966107959402667,142.2132133592035,157.73942972772528,108.8625089228392,2.6778618434864683,17.473475852243123,496.11659419515706,40.34303405203228,250.06091523433764,645488.6449868454,194.16765117056462,381.4804462306169,170.6788552884429,129.0913399206831,42.25622157533863,44.834819413987034,54.70791292110843,55.33185335324366,36.69740216839941,351.411583972565,29.520045361488297,137.39550390607144,157.04636068000025,108.48166185101803,2.6244821729632526,17.045186506809852,492.4086744926713,38.84106352560573,249.41217639559528,650504.2443745901,194.34820447963313,385.0982853053319,171.8099975267888,129.4983730658815,42.581793315798315,44.920139323714295,54.961988757670014,55.375877675730464,36.932717673273864,357.9013421606164,29.74307666044548,139.80435863263747,157.39289520386276,108.67208538692861,2.6511720082248607,17.259331179526487,494.26263434391416,39.59204878881901,249.73654581496646,650504.2443745901,194.34820447963313,385.0982853053319,171.8099975267888,129.4983730658815,42.581793315798315,44.920139323714295,54.961988757670014,55.375877675730464,36.932717673273864,357.9013421606164,29.74307666044548,139.80435863263747,157.39289520386276,108.67208538692861,2.6511720082248607,17.259331179526487,494.26263434391416,39.59204878881901,249.73654581496646,0,173646,158671,298176,149732,1887779,1098482,2539372,108046,1165703,36341,457389,86996,17472,541949,6331167,3524808,17058,436763,19078
2024-03-08,645325.2206056429,193.70970443431895,384.12688756444174,171.99144965398847,129.41968845505338,42.517700806948135,44.81465638982633,55.00321821698851,55.271136961940066,37.130543750922314,357.3813651663827,29.642207082918663,139.38309481754388,157.3046074719153,108.71221678538252,2.645594901727634,17.236742872861505,495.21844917545224,39.49144014097916,250.36120650809278,661061.7159966569,199.88231846547214,376.71861198842174,171.5304318883008,126.04065062367988,41.5995434579573,45.05568135152909,55.76473300664144,53.800753254709015,38.95559028174072,354.3313847193787,30.41683997316276,143.86752936728107,163.0029704903555,108.56286102087896,2.6437432101620897,17.348304090494,495.59661786381923,39.2042520263873,255.90479328896558,651474.7675257189,196.70130085239109,364.32325081007815,167.33194486336356,125.7517545386034,41.09744935033297,44.51977003356197,55.432578850396034,52.831325577773605,37.89085305407194,352.0281084040639,29.551020136688408,142.87822675825868,162.28200264684125,108.27603900610633,2.562801673556588,17.33097646568079,495.3612594191445,38.9556167977958,255.46911281607882,656268.2417611879,198.2918096589316,370.52093139924995,169.4311883758322,125.89620258114164,41.34849640414514,44.78772569254553,55.59865592851874,53.31603941624131,38.42322166790633,353.1797465617213,29.983930054925583,143.37287806276987,162.64248656859837,108.41945001349265,2.603272441859339,17.339640278087394,495.4789386414819,39.07993441209155,255.6869530525222,656268.2417611879,198.2918096589316,370.52093139924995,169.4311883758322,125.89620258114164,41.34849640414514,44.78772569254553,55.59865592851874,53.31603941624131,38.42322166790633,353.1797465617213,29.983930054925583,143.37287806276987,162.64248656859837,108.41945001349265,2.603272441859339,17.339640278087394,495.4789386414819,39.07993441209155,255.6869530525222,0,648524,125796,183037,393726,973524,401387,502559,170859,410630,67716,467841,130926,42699,516890,4083660,2386848,9384,1338608,24054
2024-03-11,657609.3310255226,198.49483479175166,369.25054888898967,169.30249086731507,125.06124008436852,41.47923659338674,44.93033374028771,55.52678511144279,53.22373540606304,38.709600747860016,355.31494694302125,29.816410012613662,143.79234755249178,162.41721213695502,108.50861326175925,2.6212217817562897,17.272750244538184,493.60977157089826,38.95914731005771,256.05948934531136,680890.2633180429,204.64122131551022,375.4715524887049,173.90175620350266,129.09452227772005,41.13115233842673,44.46137919510112,54.71093826384783,52.911123679925595,39.64298240798112,353.9805630049208,30.597474352342488,148.26554047195043,168.20796452966758,110.30027187638275,2.5670271740770283,17.022719750686015,490.0666729417058,40.2295798830346,264.12460855121515,661775.3887793425,200.9878870717894,368.858259213432,167.18092799515918,127.78201265298901,40.91901304041994,43.853201739678354,54.42322073925426,52.646224808707416,38.34993831283749,341.2062694531502,29.696806876633445,143.21360981243686,160.14331992129647,108.66594821220605,2.5340773616486074,16.923090215632598,487.4042335513248,39.44694226351086,259.7919863920082,671332.8260486927,202.81455419364983,372.16490585106845,170.54134209933093,128.43826746535453,41.025082689423336,44.157290467389736,54.56707950155104,52.778674244316505,38.99646036040931,347.5934162290355,30.147140614487967,145.73957514219364,164.17564222548202,109.48311004429439,2.550552267862818,16.972904983159307,488.7354532465153,39.83826107327273,261.9582974716117,671332.8260486927,202.81455419364983,372.16490585106845,170.54134209933093,128.43826746535453,41.025082689423336,44.157290467389736,54.56707950155104,52.778674244316505,38.99646036040931,347.5934162290355,30.147140614487967,145.73957514219364,164.17564222548202,109.48311004429439,2.550552267862818,16.972904983159307,488.7354532465153,39.83826107327273,261.9582974716117,0,455323,93805,89551,1366069,1186192,649466,478012,348388,424103,25345,3051230,27950,12187,161418,9794101,3866848,5257,339833,33327
2024-03-12,669608.041464277,201.79444015061864,372.9803984431731,170.59226023307585,128.8810139521429,40.926486664983,44.42043908933357,54.37478045108654,52.74901542925309,39.051482340296374,348.62938888181367,30.196004119481564,146.09790119115098,163.69867481542627,109.94987312793378,2.5566859159762667,17.06407984913645,484.31087198262844,39.85011227338002,262.0608905532497,670869.1484248161,203.46570713655828,379.3863983668764,168.67516401567337,129.8231636042816,42.04975048357109,44.61206440759991,53.727809002617285,51.51105709501052,40.86873946096123,356.66137108852627,29.935266050458345,151.73893643527265,172.63227200169078,111.91902511380789,2.560517028044169,16.655404346506753,493.24420792451895,39.407575713602604,262.5436491853508,660312.8001543615,203.22548972334408,376.8108909793179,167.37916140866082,129.1482688687188,40.59267220847585,43.23305279303779,53.43638363168839,51.45671555941641,40.303680260631545,350.151233773857,29.68152647293157,150.7522938775802,168.60232719541557,109.05582925145619,2.5312796826803576,16.339732777700885,492.28001746679183,39.10586776161283,261.15568928433044,665590.9742895887,203.34559842995117,378.09864467309717,168.0271627121671,129.4857162365002,41.32121134602347,43.92255860031885,53.58209631715284,51.48388632721346,40.58620986079639,353.4063024311916,29.80839626169496,151.24561515642642,170.6172995985532,110.48742718263203,2.5458983553622634,16.49756856210382,492.7621126956554,39.25672173760772,261.84966923484063,665590.9742895887,203.34559842995117,378.09864467309717,168.0271627121671,129.4857162365002,41.32121134602347,43.92255860031885,53.58209631715284,51.48388632721346,40.58620986079639,353.4063024311916,29.80839626169496,151.24561515642642,170.6172995985532,110.48742718263203,2.5458983553622634,16.49756856210382,492.7621126956554,39.25672173760772,261.84966923484063,0,628154,252630,109807,329712,2470758,2572446,338104,983020,1703028,27297,1250294,34250,18762,117942,6441005,3020977,3430,1689345,57734
2024-03-13,667079.2023020193,203.89837648073456,378.11090261065846,167.69613741286102,129.55577452056824,41.367505583430386,43.82915305280004,53.50021461442664,51.43659356905309,40.863550845020036,356.1011999060991,29.910172202038417,150.8804288510593,170.4189010290984,111.16891086663827,2.5391113271762897,16.486094579703643,494.2566328624106,39.44200526037927,261.7572790038173,668230.4626470422,206.47102660327488,376.33287231210574,165.8335422929186,131.06653796047596,41.463096289347625,45.038503549308246,53.77979387560478,51.58176147122006,42.291097646721504,372.44358202255603,29.78204387284165,154.1538968617943,172.70203117845924,110.78423165424846,2.597883369807039,16.42512971030998,505.5680222586523,38.76864948341084,263.8924888437153,660742.1448844795,203.88700959748473,373.0323981753276,165.2115739039389,130.49189573059857,41.00281869360561,44.15794378735552,53.56419025350991,50.88319814433882,41.85112117218305,368.5906872974426,29.67315764470648,152.8011538832833,167.71459302481438,110.4444090139709,2.5466449764638837,16.27276182883697,500.66909919909045,38.51412383408593,256.43846291789447,664486.3037657609,205.1790181003798,374.6826352437167,165.52255809842876,130.77921684553726,41.23295749147662,44.59822366833188,53.67199206455735,51.23247980777944,42.071109409452276,370.51713465999933,29.727600758774066,153.4775253725388,170.2083121016368,110.61432033410968,2.572264173135461,16.348945769573476,503.1185607288714,38.64138665874839,260.1654758808049,664486.3037657609,205.1790181003798,374.6826352437167,165.52255809842876,130.77921684553726,41.23295749147662,44.59822366833188,53.67199206455735,51.23247980777944,42.071109409452276,370.51713465999933,29.727600758774066,153.4775253725388,170.2083121016368,110.61432033410968,2.572264173135461,16.348945769573476,503.1185607288714,38.64138665874839,260.1654758808049,0,209470,107388,230148,148083,647057,396136,676774,970061,1257097,65092,480145,26863,22962,192555,3057785,3588543,9024,395674,19157
2024-03-14,661400.0094092677,205.45602793420858,372.66276641986053,165.64801931334114,130.45277481526554,41.19277903879339,44.6559844853685,53.93888411678349,51.328859817452205,41.972287035904365,370.0164531108658,29.937010693082843,152.0481324277198,170.76229683030445,110.9673847642371,2.567026363642516,16.24775791137476,500.40095858051416,38.463633199926825,259.4788051485632,667598.1940404909,212.49022123527666,379.0495627585252,167.85204294090988,133.94840525524174,41.97181589002956,45.12032240561603,53.118905819897314,52.34915800545047,42.02205219370045,373.2682939527306,29.240824503174995,157.94020281912665,173.4368471377815,113.83716232493485,2.5712996894475464,16.670906898565086,518.9224116317262,38.988696530011964,261.8763957219535,659632.8137265649,208.7782352061864,368.6190189104012,166.36542439434726,130.98728816318425,41.329516515355905,45.01585248692018,52.86494544500923,49.91170610162221,40.97691116176941,364.62906662586397,28.95343109328254,155.03818236452543,171.9929896707059,111.9553517371427,2.5405484314929523,16.4143138442192,504.27097479352966,38.76697698956559,255.36077978189837,663615.5038835278,210.63422822073153,373.8342908344632,167.10873366762857,132.46784670921298,41.65066620269273,45.06808744626811,52.991925632453274,51.13043205353634,41.499481677734934,368.9486802892973,29.09712779822877,156.48919259182605,172.7149184042437,112.89625703103879,2.5559240604702493,16.542610371392144,511.59669321262794,38.87783675978878,258.61858775192593,663615.5038835278,210.63422822073153,373.8342908344632,167.10873366762857,132.46784670921298,41.65066620269273,45.06808744626811,52.991925632453274,51.13043205353634,41.499481677734934,368.9486802892973,29.09712779822877,156.48919259182605,172.7149184042437,112.89625703103879,2.5559240604702493,16.542610371392144,511.59669321262794,38.87783675978878,258.61858775192593,0,199689,134891,67134,207154,1139625,198094,1120187,704006,1496369,199559,436220,210221,13415,209995,1972739,1181041,4453,223622,17975
2024-03-15,666921.3673568849,208.18355927944208,375.5192500693513,167.46575991078083,131.76846345056322,41.5467451199773,44.80712493716399,52.87212873264771,51.016515665709676,41.859925462951104,370.0727603298399,29.14563833735762,157.5690915900025,173.20448558902916,113.21053858122103,2.555564463474627,16.520098578202578,511.8902783290735,38.49435299183279,258.9590539241501,668087.510334393,211.2730585167338,365.9010437234646,167.26438874462372,132.9268214194594,42.46104370400831,45.41300430743434,52.96022149871539,49.34306125371535,42.89454292830052,368.03612027838057,28.3947113612362,154.56403952762892,172.84078366916512,111.54396157473793,2.6040846562922675,16.55326656759081,515.1823724067214,38.63222466741199,259.20261241402136,663798.6316118762,206.74677628515587,364.7303174962305,166.7408137478395,130.12773032089027,41.91664911863112,45.18832094115976,52.6994887167315,49.14363818278495,42.75903130497441,366.99458759493746,28.3244650042715,153.6147038249197,170.914676175954,111.4328023322733,2.580439255932965,16.54598353851686,510.4069166884336,37.76763079308094,257.16056119434995,665943.0709731346,209.00991740094486,365.31568060984756,167.0026012462316,131.52727587017483,42.188846411319716,45.30066262429705,52.829855107723446,49.24334971825015,42.82678711663746,367.515353936659,28.35958818275385,154.0893716762743,171.87772992255955,111.48838195350561,2.5922619561126163,16.549625053053838,512.7946445475775,38.199927730246465,258.18158680418566,665943.0709731346,209.00991740094486,365.31568060984756,167.0026012462316,131.52727587017483,42.188846411319716,45.30066262429705,52.829855107723446,49.24334971825015,42.82678711663746,367.515353936659,28.35958818275385,154.0893716762743,171.87772992255955,111.48838195350561,2.5922619561126163,16.549625053053838,512.7946445475775,38.199927730246465,258.18158680418566,0,351378,165397,284733,109248,465322,1504362,421023,161301,1026456,209849,436381,28530,25177,300033,11828162,1442587,2700,310541,20275
2024-03-18,668315.5373222564,210.1095417904104,362.9583775554664,165.52536925135604,130.97485174144117,42.15524186974701,45.63662329458982,52.70229557472075,49.269325339810614,42.66866542244451,368.6847329123182,28.27432040111403,154.3907614077868,170.74257500916923,110.86610735383951,2.588043268925983,16.57362345750329,511.1840591910617,38.128325315883,259.59670245604815,681270.0573662267,212.20386741380392,361.3453379997262,165.2260828470203,136.6138541040534,42.500825863596575,45.65313472451043,54.244985070239295,50.52956639429182,44.2585677632925,355.71383801054816,28.79875066647834,154.4929091471817,170.68103854513123,110.25997469563653,2.694290221965574,16.481496528622365,517.8690052713845,37.90661405190976,255.3134066856466,665455.3162852916,208.73483539173483,355.2297275791733,162.7752301417539,134.38938486123178,41.69293160813434,45.542400671603914,53.529353704625514,48.75460869314083,43.12439302684051,355.185202291816,28.168530662921274,153.53553876633947,168.72855121978762,109.68100366491802,2.6239785616222675,16.379889465228164,509.33907263041976,37.68616981712736,254.04679820076805,673362.6868257591,210.46935140276938,358.28753278944976,164.0006564943871,135.50161948264258,42.09687873586545,45.59776769805717,53.88716938743241,49.64208754371632,43.691480395066506,355.44952015118207,28.48364066469981,154.0142239567606,169.70479488245942,109.97048918027728,2.6591343917939207,16.430692996925266,513.6040389509021,37.79639193451856,254.68010244320732,673362.6868257591,210.46935140276938,358.28753278944976,164.0006564943871,135.50161948264258,42.09687873586545,45.59776769805717,53.88716938743241,49.64208754371632,43.691480395066506,355.44952015118207,28.48364066469981,154.0142239567606,169.70479488245942,109.97048918027728,2.6591343917939207,16.430692996925266,513.6040389509021,37.79639193451856,254.68010244320732,0,302756,81873,93466,358901,867503,283980,440269,482560,342859,58574,3569699,110244,48703,164800,1357247,1843564,14966,317778,29344
2024-03-19,670072.2292642557,211.3229250433022,355.3911794842455,163.80220941630694,134.83707208244533,42.017005043894706,45.81250763378938,53.79751694385033,49.221970683471746,43.5109205092462,357.1122641253063,28.555287678531965,154.02900602514816,170.8396285839923,109.75870890345087,2.6592910316949925,16.426355490892618,515.5038779352091,37.87502299946335,254.65389880707252,699408.6757622492,209.45502751727653,358.1740475551956,161.956089981733,137.70128823679386,42.739752852515686,45.19452691943641,54.65271105807478,49.619438562216565,44.79038431367582,354.2741585518738,27.9917530413829,156.78711036179368,167.1638003097141,111.42516685024813,2.698608434463228,16.53520313930133,517.5525230839532,39.35942555275994,257.59079457321633,679389.9753200174,208.3130554597539,353.988647330109,161.31419745835314,134.53786180653253,42.09289303904098,44.241837019400435,54.60680469766238,48.69360925776521,44.22426522060527,344.98328716355377,27.153469099917984,155.4031699166565,167.13166110484147,108.54270486679914,2.6537451545893984,16.517973535135006,509.68484835347346,39.09303736098922,255.83696469971204,689399.3255411333,208.88404148851524,356.0813474426523,161.63514372004306,136.1195750216632,42.41632294577833,44.718181969418424,54.62975787786858,49.15652390999089,44.507324767140545,349.6287228577138,27.572611070650442,156.0951401392251,167.1477307072778,109.98393585852364,2.676176794526313,16.52658833721817,513.6186857187133,39.22623145687458,256.7138796364642,689399.3255411333,208.88404148851524,356.0813474426523,161.63514372004306,136.1195750216632,42.41632294577833,44.718181969418424,54.62975787786858,49.15652390999089,44.507324767140545,349.6287228577138,27.572611070650442,156.0951401392251,167.1477307072778,109.98393585852364,2.676176794526313,16.52658833721817,513.6186857187133,39.22623145687458,256.7138796364642,0,348465,82657,73350,412849,2553386,412043,401589,242770,550703,40401,1036269,34514,84308,316069,3043673,1819031,3717,1378673,11091
2024-03-20,688967.2814949362,208.33373032318747,355.6693751438681,161.4169186943317,136.21473524828198,42.496547339107636,44.61089998075685,54.722307221601845,49.358485010250604,44.4025634160483,350.1651437523501,27.555480245386775,156.10879823180827,167.6996522334202,110.56065038455604,2.674711564383184,16.51971015092411,515.4272786717252,39.348031450539686,256.94204758593173,708066.7338883318,207.29076962161142,363.17457211016745,161.25012925788866,136.72877930717965,43.33082685815065,45.253418665728525,53.56918259142508,50.319454593748695,45.88592938463167,343.9932910785887,27.656183823274773,157.48220078949493,169.69034587408794,109.9669070572143,2.626330056890194,16.532814671976,537.0600512975958,39.70545631955796,261.92259203499003,707851.5031303714,202.18498110281612,358.23688789609366,160.2008875060709,135.3246520329837,43.024683468424705,45.02937896217841,53.359943139727186,49.68671955620079,45.40014219484222,335.2125219946557,27.260606378015396,156.46470785702695,166.62190404825748,108.7204997229938,2.623431968651839,16.27824022753891,529.8852201613108,38.49875536609951,258.53489621286207,707959.1185093516,204.73787536221377,360.70573000313055,160.72550838197978,136.02671567008167,43.17775516328768,45.14139881395347,53.464562865576134,50.003087074974744,45.64303578973695,339.6029065366222,27.458395100645085,156.97345432326094,168.1561249611727,109.34370339010404,2.6248810127710165,16.405527449757454,533.4726357294534,39.102105842828735,260.22874412392605,707959.1185093516,204.73787536221377,360.70573000313055,160.72550838197978,136.02671567008167,43.17775516328768,45.14139881395347,53.464562865576134,50.003087074974744,45.64303578973695,339.6029065366222,27.458395100645085,156.97345432326094,168.1561249611727,109.34370339010404,2.6248810127710165,16.405527449757454,533.4726357294534,39.102105842828735,260.22874412392605,0,293046,113686,238874,512791,459258,1029051,281309,384166,289717,128398,801029,53640,30189,148491,3132350,2582484,2566,228282,7846
2024-03-21,708356.5091108567,205.0108670024486,360.2797786032556,162.09946600076262,136.12598762434519,43.166033301937254,45.07593513190705,53.52116258488202,50.300323326671936,45.4688064050845,341.24452350802545,27.306245152621795,157.6880172666745,168.30533084262467,109.11612763821391,2.625840252291097,16.38690859334309,534.0136325129275,38.9189013795301,261.13336649815966,733001.2839272378,204.55795021757066,362.7002549545001,160.4242143527181,138.73107743953065,44.061006670643955,45.17350252363846,52.85778305460187,50.83103505566214,45.688989762824654,346.3792564944331,27.68855787851166,158.0532732439481,172.57396700469639,105.80650578552145,2.6546264160451813,16.74362011534008,533.0299705594637,39.96811944940332,253.8546232574146,717352.3268310773,201.76685551371932,360.2071819856875,155.4623103115226,137.28969823793975,43.38566586762908,44.41028756881708,52.72361790499221,49.24130368275185,44.99675103648404,343.0512194617451,27.61924348846369,150.36107829895636,170.97960537420508,103.07364730256545,2.603607280310855,16.681521855752372,523.1411353293781,39.26467964644944,253.23071653871114,725176.8053791577,203.162402865645,361.4537184700938,157.94326233212036,138.0103878387352,43.72333626913652,44.79189504622777,52.79070047979704,50.036169369206995,45.342870399654345,344.7152379780891,27.653900683487674,154.20717577145223,171.77678618945075,104.44007654404345,2.6291168481780183,16.712570985546225,528.0855529444209,39.61639954792638,253.54266989806285,725176.8053791577,203.162402865645,361.4537184700938,157.94326233212036,138.0103878387352,43.72333626913652,44.79189504622777,52.79070047979704,50.036169369206995,45.342870399654345,344.7152379780891,27.653900683487674,154.20717577145223,171.77678618945075,104.44007654404345,2.6291168481780183,16.712570985546225,528.0855529444209,39.61639954792638,253.54266989806285,0,349032,49332,196765,178319,1317254,1012455,615935,708707,990167,21797,2882621,111173,27479,197063,2579739,1144788,6974,612844,28768
